GreenCover,Buildings,Traffic,Population,SurfaceTemp
42.36771640671576,35.73100279100185,48.42466805040984,55.28048736170576,46.59349883610836
53.126966930646354,31.213592306968753,54.48195808277586,61.37133523109413,54.14221967206539
38.3056424179353,25.80562287165725,51.43133981580406,41.42451188719299,74.29941673440185
71.28223527815327,21.992894588530422,46.03384604294311,38.623756074398884,32.19038966623052
47.462590138990464,38.14679891729788,36.298864754750056,34.737455737164744,69.90327922146432
47.026327260150424,49.06304078816688,68.91708207299607,45.25509801203546,54.7999592252092
39.14631218807032,42.5521856105301,51.82981588792913,53.001671229254406,61.182833347198944
66.06655789146535,49.19910923387085,66.20354326863276,37.65843501782948,60.59536337236269
38.973054345423066,39.493302119508236,65.4681161960982,16.50833153974441,59.93786450791158
52.975609335645835,52.52378194624222,74.27393391179325,33.90263920889802,32.34624166943941
66.64632580700128,46.836853842655486,68.19620365758513,59.88095010179815,54.956777866722796
46.87604047476693,46.21121549921446,79.79574955914097,40.821640127075966,65.60609339901137
36.158673583293236,36.617412674137455,52.73939237362258,47.71024100419657,64.41278959221071
45.83755781991949,42.218712966147024,30.924014496094077,85.0543865342302,27.77941203440087
96.7427793924422,60.05642630388628,56.75177133127589,27.39648153881238,58.19518946547958
26.720814626834482,47.527373022664676,66.48023848494003,28.361886137615492,59.814401815390504
44.56680868590451,58.46017433749726,29.85995219401684,69.89578452168142,60.410087355609924
37.38173890178226,38.34253571182829,69.05229256759966,43.594214023404824,37.36677197097646
57.82423384647345,59.658659183117074,41.66598488149418,71.48190795813134,49.97385578876569
63.69051040091143,63.6398972753554,30.145093213640227,67.37082359677353,65.34197885561143
55.02525610697445,13.826877662444275,53.51577453432544,36.36303540597153,29.524928982343557
47.647528361969435,17.302337311668424,48.44171515167386,66.38539343538241,58.23742240214616
67.5830945184884,45.23046981493441,56.797187430968066,33.67258918488488,20.812598203440615
33.332538100178965,38.906430635370384,38.30111627791048,68.42046720472294,47.728199867818844
82.13816335466042,72.87423442558027,34.86879048159932,65.39225237734685,65.70088575030817
44.605125070926285,50.29742823803914,40.11226119522972,85.75323975429347,74.24567139464521
45.63491632061517,73.43557094594237,43.32274291618692,64.26390252611806,53.83933764804523
48.672028795558475,34.71273102736392,41.28293048764624,59.137050796941594,51.046339252068314
45.01044279377119,71.82787630244465,51.940399053326416,50.02273756036565,41.92901231538207
54.427975934689336,58.89484663257477,52.20929927464653,58.82718958891679,40.09773006700287
33.74843071030612,46.12250803070274,56.38914510405011,65.49153626085871,83.5345283572533
59.672009505782405,19.554847825743146,67.57858156298222,56.24532173994295,39.61529494038812
62.35802943575844,56.32790259303707,42.75390662560305,51.822725229976676,36.568196436238935
47.01482555621206,30.415271939353115,56.38455866210548,55.55650941018599,67.01191601819613
65.04862755429674,40.10705574558081,55.79934951818469,56.316380642080674,38.0048933311123
63.606957612455695,45.255226823807305,40.30576371634866,47.47770410295705,24.71537688198457
23.44483519547455,58.741504987398955,40.059942502563715,31.656300894213352,25.608914607029654
30.936824760472568,38.46595159873512,20.105779174120865,59.86037829478248,56.22449289876885
38.052141918665036,69.59029063267045,39.30912665318589,49.42920537428256,69.97133754310171
44.80046802937644,61.99840334348373,60.44748463960313,42.692730558968975,45.823237958770264
29.507515047434392,8.04683460212405,38.386007261556244,53.560349827147974,31.68534357409743
59.20666243078119,43.31482011412026,64.8815830162066,33.889721611690646,49.13008157689286
31.885053042035317,21.36624345396139,46.05977551006931,32.007038661919744,49.10962639870838
56.30313895319964,28.177464230064036,62.45180015500222,31.937783338693244,39.281554286930145
40.01434775663705,53.22933804935526,58.50634460556071,57.81288748552872,39.56402836129685
57.961982947133,62.84006210436118,41.055553807985305,26.57422535033379,44.87613768751088
67.1318932850165,76.01495757321236,17.979967921917627,53.98155005600759,55.51559307076783
71.93109614200668,52.50298599516594,52.7743245959978,44.67462789092833,35.6883637536384
41.50132444547196,55.882189849179454,32.421318776140154,68.1146552994516,53.97799480503762
26.636365551404893,54.00548959176333,41.530384158924846,74.89000640774933,26.30386095753384
48.12077738469296,37.38666209459684,60.47196183374463,64.21556613808744,29.42569845239637
52.56051089393165,75.7313469113061,63.0562435223503,73.45903202927985,55.45724333107455
29.475774673499036,25.7364243897259,41.55190738209553,39.42176027493306,75.69539126858014
79.88812264662681,60.182968114020056,59.397301454178034,36.67576750994661,57.65786613386661
28.628846552174547,33.268582057794724,72.57050144821912,54.55590559387291,60.67325474832698
13.073199087909067,43.177929485165194,42.196840681623,66.30778339151927,64.21877905094044
63.267653655718576,51.90399870380116,71.15946813177115,38.04418949891395,45.6959470871793
76.2204537254701,51.50856417082185,69.3184172991414,43.216187185758436,51.874731651169476
65.8464545918273,69.95907256696162,48.73699061467208,29.32786656205628,36.317529348442385
44.19170678628532,57.11980600057357,38.51501577297355,56.92741230148486,54.39598372882154
43.07848175289528,21.73927132890291,57.52578794809559,24.630783385629066,62.68934478480061
82.39343388955933,50.34149898588248,42.303674456897376,72.77346738940905,45.90485370893545
54.00539448731327,59.98724306486382,37.95628726832999,72.76882392847358,67.04640186537745
83.65790535212378,58.69553699954939,44.98580970687623,31.70433362105108,51.94336962811945
51.54178138063363,68.94009690794736,47.18369100336645,39.13572833415306,23.115796026636765
48.50995917825564,39.32964788538599,44.03958460383617,46.95238809714246,51.436875231340615
36.34518249305297,39.70490521611137,71.76117528500697,46.08778021913947,60.73591643147739
44.21054177791117,46.140718491454,65.34667604189502,42.038262696004296,63.07499982636464
58.87670305898475,44.19970372709622,32.82309746945495,61.67848455477454,40.66826405906963
45.63118568345441,41.881363457489115,24.19949164319041,50.28612734423508,18.555883629815945
59.3281178529009,59.74525857764942,48.317977128466865,31.50587092159225,58.19327114427196
-5.577250119122738,49.83432227433354,69.37469878063308,54.54272617606336,40.460370911709816
32.06860935165771,87.09930751006367,43.77558995636033,46.87312909076014,42.17572548702212
35.69039392152947,12.544623236396312,41.03373956021052,48.53933746909189,34.39181113296337
11.100868049968192,53.73030219339179,49.53488916851706,72.27721633734244,47.96152959114403
20.94191207759392,69.13199591810115,69.68198084957235,29.26359871651021,57.84493198595028
71.38860951971611,74.65053482980197,70.03640687416241,54.5183455343442,49.15056741102578
40.996179336469396,40.32345732908071,30.779956490853777,56.97763078025854,47.25350967698104
43.77540440925782,47.76443055731404,66.56265818431821,60.48171774886246,20.15947021986646
86.62727894104154,66.88730415378184,42.564538811402954,50.051717688748425,48.339239114327675
34.4134416699556,44.31009902840767,34.89367012731307,63.8007961500182,25.08818448819899
40.24426314446363,35.15924624229926,76.60549891727244,61.91517737152866,57.532412635564725
66.48800830577746,50.63598838976816,47.737965484852026,48.095181189308086,42.978583432038
60.41863638424161,64.40130164145532,60.220394674070896,43.32265759951807,41.52231605337208
83.55904737706666,44.548444495892035,71.07478738939183,44.09593107354364,44.4780363225935
56.50553143729695,72.94682507017643,55.804697926485744,41.06074345256067,86.06582213912532
53.49931574697696,46.498860705595746,59.31914239345145,34.41587382055322,62.16744957244193
34.35930919759768,59.901509032086935,73.90907197776562,36.77090848320426,51.8254184431732
55.32089998131281,64.31517505142818,57.74935363341054,51.31130468938772,70.3364436139021
53.391864080886975,40.16574295470717,33.543597181271416,67.77349779173113,71.9203623656145
52.61240089972442,27.90010693430772,41.79004507099083,70.19103196872216,58.24562660282109
27.514874872642586,57.54409107305378,49.23742967873196,63.29002548094019,43.42747732605798
69.93804245834178,46.2746589194989,5.613241988250266,40.683432582006844,53.773020732161065
52.03611138312669,42.737373351512474,26.64417031404504,67.28326491822239,74.46376139264245
35.80396810322084,63.06942476395092,59.3312289941106,31.23658618111901,55.59636643096983
92.69097387236792,30.139682869291637,70.27592937095937,49.396556951487156,45.81626066267821
69.08230218462504,40.64946240710175,51.343628029630324,48.04170985129815,35.37778385433038
68.60772130349835,57.11544148192025,84.05993765333649,52.28492707334775,48.37587811466806
45.02833552622538,45.73799421412678,72.80115803816992,41.5432648431473,56.85002678758084
44.794524253869746,30.52316086744632,54.88371928857538,26.801662049569952,53.70678427666245
43.166974289093694,44.13154952152434,48.10976651424139,50.34078181767965,46.9247055358747
57.86913085929865,50.10617201071074,92.0588004190399,33.482476397274326,33.12081087202267
44.21834621330241,37.032763861746595,67.99155761886634,76.23742659404644,43.98204376950953
57.723137171560715,56.14678022233496,43.16742750024255,59.265599917960266,62.4444064053668
24.973144609468886,32.296483179311174,45.618780556992306,45.18809792918867,51.17003738285343
36.21632195483879,34.400779949432746,44.58043252770797,32.48954250852,67.9336962369148
65.60611884084636,59.1553448602335,65.29467518471535,43.56888924456098,43.41987054101306
56.02755139279772,61.63433674988427,55.42148726987278,54.391148232366675,55.26386154755239
64.59509896601826,66.36086618186098,46.49344409603507,59.400780049008155,18.227485397066577
25.12031892523158,44.73507185947734,40.44599322051216,76.29397051725084,45.559074794788295
55.574251348986685,53.161805313958325,28.91674476668068,54.35038973293911,50.49755429554492
73.4741948996122,41.69567629571663,59.33480869945211,58.696726808147304,37.31676087293182
14.80348632885164,50.54159443660517,68.7131025366914,54.65486462139507,63.71184114046321
40.50227688674136,61.553476576251896,22.98471462224905,58.67429925695312,25.11667232150458
58.961268069911654,41.608802070310915,62.70762277394943,49.409685855141255,66.47448142428078
56.52785874191112,51.33563020145794,67.77818944667209,56.71542078702866,76.07965906972368
49.50249380973816,46.850925413163395,36.527469769085656,41.65038174589766,46.42193991914673
39.63614288086889,59.58198619105687,31.15986525224753,37.007104049571126,18.008859029626294
39.645021737557165,68.26117513996246,42.27657869502935,37.41037737577069,38.81444839156127
55.25570172336768,69.16338762679895,63.10998184886582,30.148089781146012,70.90716775620353
65.26095417728393,57.07447105004058,33.016256645218235,36.44558152706091,38.49278958625849
41.95967658983437,52.88662052248582,9.07163416807618,30.75322120063149,46.552166228034345
64.78229620116485,45.40497760197772,52.80582360172481,66.4818319073364,38.04883682069078
34.86612554523069,33.41940785969386,45.834779651966734,40.226291571541125,74.92038264078911
53.64922929977938,60.109764790941924,37.18143398438356,49.26247508252037,45.39115320810584
52.86576483607695,55.729003931125575,44.692803761915684,46.8746380429475,66.93060088271045
36.2515941393772,60.805715650367844,54.360240815805426,61.230887359648804,45.31712660483618
65.49727794376236,40.439520128815495,57.5136359269787,57.464023725906145,52.34654131171855
65.39141962665586,66.57311394412913,60.25867299685293,76.64057628035471,43.99067075965826
45.989347442959826,54.28625544230494,47.37016846428302,44.53086914449512,28.012985166262673
61.67681880248084,48.37396932381299,49.14837564350456,34.729674586461414,44.13113873649144
53.55186370908413,31.92437745494448,47.482335678147365,43.47885807661967,48.44735205453752
47.301092373478575,29.809375736803634,62.7296299668356,13.028485150829809,53.211447313650346
65.5982196857622,48.739448834085266,29.329572440675292,61.834459752486936,25.79753014340994
44.94749394559233,67.06427102251808,48.33295033239836,50.31420633292439,68.4760096723522
27.211392909505133,50.73414243493554,50.09279166358778,38.43961055642147,40.65940632727905
65.04652100597227,22.122754246502744,47.22808524094783,39.4342542252276,52.87574959915864
42.08514012881543,52.61404068159182,49.134058978364735,50.52199787175287,48.40391768782997
51.43196848504358,53.093869716022986,50.95455803812621,47.1494025457544,65.14435811455814
36.04937924098578,82.48096143982193,36.85251238127926,42.75805015087001,22.60586758618943
45.457904200718104,63.21500890671675,35.58652651936809,70.49207310995182,47.370439417384084
28.812336550640076,37.49069257731422,57.0440777837825,42.00928358266411,74.13447179463932
39.591405484420314,48.32085000699755,40.4814136361981,63.77133324449925,27.5925643051142
19.07305259560251,41.924363778388525,46.75415786681169,24.58140195749158,56.43926552170007
60.61265920715793,44.69533094961676,39.77215304090566,71.9360062116573,33.30875234672639
57.96619998754824,42.83378050589692,52.74381536226217,61.832341979962386,54.79286722714153
22.83419625813678,63.70304389374906,21.231127713461213,59.94571069593938,56.77273869560769
45.73171161153359,56.94506185970099,33.286195037220125,29.99114175489877,58.28900046111062
44.99494915502461,72.4023534700824,44.56009244005411,34.65484716890435,89.62212950312872
28.642313894971924,52.24970423793156,51.61176236789233,60.70332674279312,44.94420780452618
45.8962068249042,47.76185893550093,77.01062111449068,62.981991541569755,37.19759996241435
42.0723291628654,48.031254852549935,36.56423621105122,25.894140318955525,39.78984364514831
36.332710305322195,73.6459121215653,51.26548990859596,27.512180271979005,45.37709843622984
56.578859036198935,60.98543779626545,52.97798012410861,57.914674663016385,47.90080444459579
47.93775366199745,99.40014741163546,40.97368315822627,31.111990908850714,43.432758315526115
48.37140244210038,26.50483454589615,57.52116102625151,40.85334946435398,15.304132244079852
49.69032454516422,37.81680484946474,65.21146864789256,34.84539102324076,41.880815698412476
55.17437623571625,44.46393753040124,35.83018165519037,35.785755463580756,68.00145989219564
41.9794457308492,31.970220585595076,46.22093214830678,47.81085786314907,58.6191364332098
30.737079694477906,75.49136987136305,41.8752645497902,75.90416131055336,53.04485531386986
58.50864431585404,62.393592747988265,43.78401693356812,29.65193213251738,60.75924299746398
82.54473385184616,50.16073609895474,50.85041508409556,54.99719595044386,28.09669695192355
67.64812290933347,31.376250607627874,72.4350524501218,53.91844985604027,69.1961173914101
23.23439348253049,63.18113006959889,52.83405675120329,46.25037466554639,67.19967036461722
61.66749686238372,52.66676608508959,17.526662185364025,45.19140070916283,63.593974781010004
40.605643787490564,54.55453883632006,59.76612127949835,68.86974068435943,53.32849636881804
36.17584080789492,68.5605985464802,46.39198904792865,57.72462702532504,40.40783348047442
30.512622832764386,31.262379350386247,71.31824784455262,49.404545850533864,60.9015970165462
80.93264751478878,64.04210595015513,78.48778966821266,34.221426196299824,50.067218360643814
36.66863278531434,33.9941091654159,40.87945669605875,38.79976684109049,41.19553514749555
51.31445195334866,54.84852371676669,64.62692566144277,58.47583377250469,79.32114629206527
81.6910209207914,42.59834022914528,53.80140502011253,50.304743784432674,34.72603648709341
63.7518315663249,62.38972430632948,60.56344473735063,64.07109008287617,40.6670350785992
69.67310398568632,68.91222829146359,17.75870875650486,43.47084137536723,57.4927568119661
93.00990533819194,53.95477514953176,55.096732309205535,46.203739417149,48.84957560022134
73.1309539355747,51.677378078736645,72.42952210051759,46.819680686601366,56.24799255748388
22.947313442582647,41.41690471370555,45.45787360267118,49.34162469743622,48.41927245531829
47.74490295688206,68.85053883233346,43.266978993841896,59.80139095265653,50.68090650248237
45.3728222733775,82.15640052027675,59.362036389362885,48.22582339942886,59.4078934349973
58.824086900167444,48.65706453633183,35.325133353336916,44.3041080533358,3.6849261514310143
40.67316552107614,59.88331586727842,54.46146292684056,46.00394166922034,57.19416811956275
64.49274161602415,51.947236240458764,46.129010373221895,46.50592238206518,36.716361065024536
62.159798091364586,81.17099825164239,31.081181908161277,41.881685886636745,54.65628914725423
45.421805016323916,59.430739117514406,37.05233460530475,19.030285951294637,64.11226677496063
61.5435990664765,62.86259149734134,79.442852722306,42.822246659820436,77.8211158822884
72.81958524310136,45.57359425829783,32.53434195761646,35.310528346552424,60.26031680853724
34.21648170064322,53.47646705297198,46.74514168263412,53.8997290865417,63.7534214708309
56.091415256386945,63.05388121596744,78.83463200318295,21.259354688313778,54.16421217591192
49.3529091695632,50.16927847358813,19.241951618976735,53.25074468575237,42.42050745949442
60.56270946278538,88.53332645016111,33.49408787116929,55.4701817563574,23.161695382502565
52.22084266638978,64.24363857801148,57.25685784439355,70.44586317074828,60.04193142767849
23.80285929795503,78.19291283082569,27.778843595677312,77.72437216008956,60.186557049713144
55.47843334623055,75.85691093001287,58.7491458012143,64.62965339308724,52.91093843279984
40.6116711487595,34.34852777804802,81.62932494554676,72.87798251741137,48.1235871801634
40.70367766218719,74.1040940560707,64.21622324641088,66.23724694244837,69.88129132778558
68.07618295556034,79.4417629555451,62.75896763095439,30.217400451284462,44.975094756503296
57.575954215347565,55.06226545229559,62.15426306913214,50.652585631323284,28.26686188594954
54.47318843980763,22.977656556587043,24.483011606551457,57.99468244399298,36.121088646105164
43.6444727221984,57.47307471533429,41.764405061906416,56.228139690790144,67.98959532448876
37.38910494354353,41.64342553230857,59.531469024912084,43.47151332101329,59.43845898904914
57.72587008479381,45.06421749078217,69.91948807281236,32.009063206716995,59.16571737307731
18.27109028929734,51.40340033159756,50.90811273884546,31.922443572751973,73.01456704719367
33.55772143348656,44.93575264209221,67.70654225319508,53.38753421337213,44.195615312022156
41.01729041432864,50.316960780139446,44.157846406180184,51.73784614225746,40.29945761431589
63.30112925562991,40.51992626478251,27.638313047644576,92.25839276076343,65.0263452070464
39.90553813815617,36.73559624829605,60.31053850286514,40.311009101973525,65.58738209763641
57.782709831458575,54.354087388715755,52.844178522103945,71.91936125378949,46.99467166895711
52.114509078970926,38.646771138503816,59.07555915781644,37.04651029010161,68.31629459901525
69.77490281316622,25.07768612398287,65.39447993072277,31.3706663514349,43.519316658418546
49.66268740006503,43.23248374216264,44.6573979908307,62.14602266529014,66.0557641460754
48.28714712143929,49.961663604542586,59.467782997750156,34.208752029639975,50.56974563903078
46.64679970429238,54.23215979809153,32.50353996127501,55.473517518916964,54.25471945451824
79.69228603942489,30.59818910831239,84.72211882011655,78.8541241207179,69.24977178837838
42.42381508679222,64.7616547710793,24.095553755179324,19.4472981515388,41.35595968689097
35.413576082206426,20.526358970056,74.30268661901576,39.26583644542968,56.97783824919843
92.20800807446463,48.31803610405326,30.723393456937103,78.0009055704094,47.79945156737664
62.730535901129784,9.196371908154156,54.45262243319745,49.07684147004869,44.493205848141976
64.52373949942772,39.89548822050733,45.82276460248399,51.564101071364604,63.004935048109644
46.28207343748591,47.63899988964516,47.51557226221155,47.42999692699543,30.2337311591375
61.37318438985293,62.39081984256998,25.620258113125526,43.21831221894266,69.8418947193592
51.59104234893574,45.18637559506841,33.2801892081726,68.87833704704178,39.48112390339561
60.30311194034221,78.81833698530376,51.84912421297741,71.33455180395353,57.006005205807526
65.15419497478356,46.238056266039116,36.802351192310724,43.069483590642605,44.677993378949196
54.04036112596576,60.69689650804292,26.748657179230193,52.41612350050837,54.73333044234555
50.78634614044296,34.34832820496665,56.19017535904278,55.609959609818254,62.40619876699946
46.69345094362256,54.52614266776583,58.43771912404877,50.71239535845883,29.952398257059997
16.000816143105183,37.821793485428486,24.41856623655534,53.78518948643169,34.68681660788424
40.16694728391941,76.56912028522014,44.08363681818819,67.803849797433,50.59042928685701
28.439852359888135,49.379567551044424,15.224622521256407,53.30104265546318,35.97642786535697
49.71139501562038,40.16350470171961,67.76255236711057,50.64504506271327,45.29427813094971
42.59827750589427,53.183658594576144,44.34998217388164,15.30294131418733,41.835805532665745
50.047780730536154,38.67949074073776,53.703014729729624,51.61175293079195,17.088672484268514
39.34758557870453,69.84116986515139,58.024568344189454,59.43979026998649,64.61350173713954
46.32394554290928,41.560686727694346,62.67392935433422,66.71365350450736,68.51727245739418
40.41891772590255,59.854742344105745,48.27616666640809,60.600978458197694,48.62537074374085
49.60668271792247,61.97907511407678,45.06528544747996,44.4037786883903,65.92599709802766
56.16662547267347,35.213360562358424,67.42674654447599,71.86826306672212,54.459380938243974
45.19692106596257,74.19184604381556,73.19744745366957,36.72246364125241,46.039600257775795
49.190998177204726,74.60703077179757,63.376624686448864,45.16816930955858,49.92953016158286
48.368228019771884,38.56502688605503,57.79278687766157,56.800277450303966,58.88147598448927
53.34607265392426,33.71260126691914,40.47767866678598,50.95193853567756,63.49498701204771
54.221980044738494,31.543083260198568,19.662927407139893,49.433814732522364,56.14468154528511
61.87859697081049,76.29159194888521,66.85593543070588,59.248741045448156,41.931009532483756
71.65157324034979,33.75518290930916,66.42504562453462,78.27009835844655,70.99788217857504
44.16293387799428,25.332269425230415,38.76943569340344,50.68915590624323,45.81674162770293
53.615620335295866,22.806938101665875,61.90555418301508,40.65714517497338,49.98765189020736
42.834496881581444,61.23917435621551,41.50476297250582,24.290683317399363,58.403098124209215
26.131124422898502,47.38165477768416,66.34610626658962,58.62661129479508,50.422965541710184
51.02775529960168,34.248965563920585,56.14147287939832,57.398946083521665,53.17298839770797
50.14898689340181,47.858743519441134,61.859619022586415,40.79486078393185,29.863394896978225
63.571957684544216,30.19951963874359,38.877347724572516,56.36713670337673,54.98156677564614
47.5633892378457,71.11445629476346,64.6288089274459,48.40461021982477,41.57454936035632
53.98866350301041,52.829678590722125,67.81421084444963,47.03188012265232,65.38778989511508
30.01628465170133,55.276711254143656,39.36998500795758,50.09238613468029,46.70686488034966
33.348626888879856,38.9739121086819,43.054314906699666,76.17687259115789,41.99599028179494
21.55623481166781,38.89080465321221,23.562072528469702,34.33668578949815,13.436988261509129
40.67789337028326,55.5983723886045,43.804924525149104,44.601768148959735,88.29181480128413
40.96265457742793,53.27748126113645,51.58628757100459,53.81025573764305,40.87440312001876
61.495839843513444,67.81554270914566,50.996265462399045,67.48619103488734,58.10237548746827
52.5126151620191,34.46654001318305,48.15085054847817,64.92983263867315,44.19075855057037
51.180419612849526,33.86398718560167,55.57285788434919,56.95450874993673,85.15661218515285
53.49354268714343,54.52870834165206,47.696757596210965,48.70357675462387,45.478901629772224
70.39198810789219,42.26454843862538,67.23088666845503,48.69632918053754,37.44689525651518
41.59945682603011,39.63733126456849,41.98353513491563,31.886780303157156,38.79722945968143
12.810823037847136,51.58736242857341,41.60011876879066,46.68080112797956,37.646230393614694
70.38207948813098,21.75748994115315,64.02651433709464,26.42889764799796,38.85419701402391
55.47841053485722,79.24906602139741,61.68421803079081,11.272548100928269,55.2157552335733
37.87678694836732,85.96860483872885,54.65817190003552,64.29477245057673,36.91831770238965
35.997084943994835,49.25559891297336,38.72767040434189,54.9335165179332,43.287700825820984
49.593397352446246,64.52376131131749,50.47129429781601,45.981526435622406,39.36429662953582
42.10609111110182,60.606380010299546,47.92530573029825,35.62371351752437,44.02147503568185
62.450398148637646,45.20325029299238,11.454092208385212,63.57509023009718,46.32094443474849
61.91438580858224,43.86884435018217,57.18915759641031,58.5840315152228,38.936428401491824
30.016914874968357,32.825148086306754,53.04996061659019,47.71867105392726,49.70308929157974
56.404676703848246,45.13934574738495,43.19985261694076,37.63163177509042,55.61094329348544
75.49434114939855,42.46109546626089,56.70316495054291,69.80228132777853,39.85788257107153
76.32516529503755,36.030361126888494,58.31768407390356,33.33812185929617,57.8841988504995
40.15662732058102,15.417439935152835,70.92296654557907,53.10336888166574,41.92516865362633
46.491499162920384,47.12502282081034,44.64418782558102,44.15771890844286,47.91146866654562
79.8304593249415,15.807910884593085,19.800216268579106,56.73349895417261,11.243279629539323
42.494851194380566,38.23049020898194,49.41741761402049,40.60379710878085,47.77737570622766
38.30478327099273,31.136388801805712,46.008841641824695,57.66356859655534,59.45068867806537
52.70490802141182,69.12769810115387,51.28646235407209,62.340475359342506,46.0395635167062
56.85743687821221,79.3886809831285,52.66716117704438,67.95863121558943,50.15081089703467
31.1884552688387,52.37187299614758,58.0149941502086,62.738979264761554,39.780296691867214
106.49270114508764,66.1961932184083,68.8486030487955,63.19422667633411,37.39128139521354
43.72236122081023,58.44109052353986,22.32131615798727,42.88068448894363,42.43586740424572
59.09305365360236,35.10037309626094,80.15897236013383,98.37968178969297,56.498267461270856
68.65979448973897,57.44523924887106,41.893014228611584,35.934874547326245,55.141505145279844
39.879158427867225,65.20121415747774,40.35278361205096,53.30761007037,37.13999480554412
36.11786730892377,71.66306300580769,43.08012906844152,43.91156102553935,40.30165196968011
42.462741251843454,48.39280514551552,19.637235333409148,62.1965969450264,55.91740417473448
63.156272145525946,69.42594025242065,52.18914438214972,51.556667588365414,58.95295493418714
30.256391659071536,44.627327454957125,64.68392108925462,62.95596691217471,82.98556716680515
48.85480121276412,68.25003947902817,49.115205692427914,33.492708652624415,52.65115474525594
46.71078066882472,43.68267471497163,33.88468960375759,46.12018881557357,37.409478782450215
79.76578232925026,63.606094534657046,32.47251984249624,41.04704303143466,44.075370742883884
46.87506802884252,37.43539588519139,48.34031477110771,65.22608085656857,44.46596032205214
32.12059276962262,19.74363727741774,20.603929156088128,54.26880947694564,51.89838580485227
46.96755852753816,41.27031687521849,43.62900888362366,53.887843854227256,41.10138767876653
50.73372158814414,46.207849082792926,51.4766532538201,17.274056275179603,62.14554827506177
54.17053698830176,42.88213830272687,45.25737245262253,57.90723175227674,48.06369675127892
59.079480528274516,51.69798047885973,63.95667177096345,35.51390487355151,51.898611219858914
23.286111905795536,35.52390758471856,29.689326441912005,47.62297845039224,44.94830241345403
40.8348528023067,29.957623743521616,24.98046330047738,32.94010953027339,63.06804124254076
50.43033828684507,36.08525759866659,48.536949714987685,53.87567618687444,51.546178193484444
41.860303197624475,41.91087767749048,42.951986517606294,68.13003842242634,58.88704521113458
69.34487446899664,51.74864504486973,35.18678956882053,69.4217718214693,45.05348991669446
33.29041762506384,35.49981027414637,60.3426150649353,52.06644893467151,39.09842624045495
38.983844087467205,90.51627534015006,56.724339049931345,47.262946658107914,56.75843249114273
21.445672206395088,35.570476352719616,37.80264912746287,69.76516419271385,20.298931808343006
35.807119634322056,50.614850357727995,43.08758108250028,35.27810131016929,45.79738648182555
74.37327759707117,62.956364746681054,25.17654894006416,51.16474718613399,23.487253051555257
54.036470969880696,63.79873847782767,29.455653199327028,55.643048511613486,72.73526959854004
17.238838288117158,51.500827439545844,52.16544697549559,48.3981659767925,34.15607834962682
54.40421167793033,43.95199991439234,53.660301899501626,39.19016896176927,50.484162661244746
89.79397501213819,26.8147800491804,6.5198739975171875,51.977973951284405,45.14415285208276
46.955549747941006,34.39650915872214,55.7087259126628,71.37236093391597,39.19264022588331
64.53957158518224,54.15392629339429,56.22437767886111,52.560680694991504,43.26940724271911
60.000998299179074,41.61995878857924,64.68954637480374,67.07017935562888,46.9825022127836
34.07297066087321,49.68844104212198,66.77034191299093,42.510029510807456,51.964419394982265
46.46578125348632,44.200696092532496,74.76047105508204,63.78943858465368,38.1466117079366
19.52153986517726,56.98424811938452,37.31507413323678,53.72415470165331,46.5457707776833
69.13306530692768,47.501225219969854,53.21621162751935,82.78462104159797,67.67831299550264
23.32750488570311,45.74369868557453,41.808051725705425,58.66671881268979,41.50669766878436
26.82544611334856,51.615632792385696,64.3417950809765,47.73530793871315,46.69046133103503
48.64288690016461,38.56642889223594,46.53913811148743,45.5327681580753,59.029114542315774
67.85211028431553,61.160306710332726,43.58179300688349,21.998724039487342,46.566367025072175
59.59691378756071,64.58696821394999,46.46674062279621,41.29267212657591,31.91621306920042
62.220555266442325,27.067240720455953,63.34712284153205,41.28788351360815,32.48102832343802
70.91115283180525,31.355551477189472,28.439717747649222,79.63639393728833,58.91918307868577
56.070721965140265,53.36394564862236,39.79831275395094,42.4637206807225,76.0104698469387
48.63499589799986,40.092836429912396,70.06125457081947,38.80363795687145,57.03955381960239
70.73077922189661,47.250128971881004,17.296758834932746,63.24098073131421,69.17597297441152
50.31482317289055,46.7240269899391,49.744719137938716,51.38432503909967,44.82194358502224
76.38760637284285,53.01382011259487,50.286993207189894,61.69420673937986,43.708816026538926
46.34342222122498,57.51752981131051,49.417834984425454,61.26912124975139,45.34535923850977
56.24742310190356,62.10568447836691,65.29040472448635,20.26375579158695,54.50890555423709
62.670879033070875,35.5543452587316,66.14633168100961,53.1568197890055,43.51302090047743
56.41169226956064,62.350718009524144,17.69133715319481,74.28864346245962,20.763989525554205
33.44055613931896,71.38994502313565,63.86542579423692,43.24035700001585,65.43491985011701
55.139350857046374,53.52411453810988,6.6845466550463755,34.560231886108284,44.4901940721851
14.68716096240231,61.619126886827615,49.112297596913024,69.80084432904003,42.2825263785578
28.83195864369744,35.161694947753304,54.59244489432749,66.55741759525141,50.38181668733378
64.87769446242093,49.883139043852026,59.46643277584308,75.78531005129457,58.2037552686098
39.01645080967944,53.985902245980014,51.51772642918002,44.597617835070764,38.02784897725198
83.48776209064755,46.04584504792966,14.901916629848046,40.47075665925283,38.4614590114202
46.27659730293909,27.52209934249543,41.774850100206734,53.77294892853054,29.906658309559383
67.5917308683461,50.638977292073854,52.558824078345026,44.00747100285853,53.346429617711216
61.507599521995814,53.57974487641985,66.9838918908258,52.108984317004484,62.56683209067826
56.37732195816564,18.7432246046155,36.7654954014172,37.61842651754617,38.00904950488891
33.83583851880167,66.97507480003758,72.69849798235268,25.378353935528533,61.87275863776268
58.95048371022661,83.35700182997546,48.84107761047285,26.80677912440476,26.74505495464349
66.76302848562968,37.26495555623318,60.801448718532534,49.588060701805446,63.319578642541195
26.778131726479334,51.023005436370504,61.814692457358426,60.36396909048644,64.44218057062622
24.77193804864545,48.26543296301942,49.58638975120985,72.00346240155672,91.1726855561821
71.56254299088448,63.4437072928958,56.71834870130726,50.49304469193196,68.95972324159541
53.006977962635865,42.90343849172771,49.07413269494889,39.53701858183754,22.125608545198826
24.329419487773755,50.650034725782064,19.270942775011854,32.67425654029645,57.020916456852426
38.749112940357236,31.544035755812875,33.25134994709012,67.90864728902247,62.41478717992823
37.48896228935011,57.36973539187578,51.58737664534487,62.32844698098239,69.16945203743114
24.107499402404883,56.308650104840126,50.56998012677016,66.442825682145,24.21111024721541
30.735282748053038,51.434990583266696,45.87405447136053,55.28087029918065,25.39534529850597
67.91194017469564,52.72257490934967,52.71159214536972,47.79120913278166,32.76772398797665
38.34875237026791,74.60658713394987,51.12496248199923,50.123811490590356,62.809654616426826
38.1815835384586,56.44947574607088,52.29191948761234,45.76777251579349,42.7046237845259
59.94675327872008,58.32126952869736,38.62468372194637,57.057255358693105,33.1334354149068
39.61233176370412,55.68838455773829,53.8279731107298,33.785866249206464,55.321837072331405
47.22566675579293,65.93084041824049,56.2980363775346,32.99484087905245,52.74512588488104
38.48300314659613,51.15705646198265,55.83260866788366,57.35070176611224,35.60970441141969
40.850055044398445,50.68654921214985,43.40124548280175,43.70606623883874,33.965889296488925
55.62089459398138,40.23771780295839,45.127799880781055,50.61879181124746,12.39943661813885
25.994607513473465,73.802538305608,26.633243800238844,63.80378123394851,63.31041840813235
49.72643737766847,72.37694137083326,62.32889615507471,52.95737768924016,55.83563965922995
64.30358266759424,55.95792650535449,62.79415529274961,74.13256528537217,68.8218131745577
45.33653595143181,37.217469299526506,50.708901039233545,81.13016528860123,32.33648553259775
46.79032924708064,47.971626745021595,37.2752930811058,51.78747073493476,41.412683466370254
49.21924220201326,47.482694349690995,50.50218406955632,35.55739349419106,42.3753775108328
47.62659119343879,49.488937098125874,50.11975999789656,58.86907845333165,33.53281520602199
45.99196678320115,36.061250257427346,34.51606092320907,55.24017516459345,51.204910294978376
41.86758831410474,41.109020248634366,30.36909440764427,65.77593359305423,47.939813603087366
25.743553883748103,51.04780081270437,38.57720706680546,40.94129210347691,64.82371404537376
46.39837471775904,74.92712684300635,95.03802429095228,70.60751928713321,34.130288054467385
71.07413641543573,41.39867031499331,57.49083991672397,70.74097949101191,33.18875763535857
51.81549284964626,51.76250956117576,36.926075240607716,22.7892376962316,60.74952341665011
28.781316276941368,59.766797417357175,47.12536306758903,70.09723312313992,33.037906896040596
48.86748873608431,81.42906156779125,39.362345916771694,74.5903999983181,38.24371294692859
52.40917316923852,37.2081273767838,57.79707177949207,31.0539262270107,41.9446509542748
42.40434424088981,39.29507196683947,72.03821476772131,38.43532078559704,51.83299595745559
77.84780243660224,53.741782498618306,12.71390549073196,80.4199925371663,66.73818748397322
69.32638223700049,70.16862105285657,48.579525291950794,27.923611113272713,64.7931918194292
24.450282758723855,28.54886532603896,49.88229305847261,65.56221450913084,39.800641551412404
40.87840978659581,88.29941582175007,63.93043933295756,56.73669416278308,72.21871530520639
59.07202275644997,33.222964126762946,31.921114280927092,47.735691361665346,45.784251545027594
81.6006623824894,48.283950927886956,76.22550616783732,55.68340092022401,62.43182087423858
5.79909866215354,85.5281226713729,38.67064132850579,66.67910969283204,26.313302111513227
74.90973088546798,26.546622521623515,35.22448902028889,43.10907654225089,44.17183392914029
44.994741607188466,55.64822398759033,33.87763134639098,54.90647731392126,75.7532258820869
33.97820474693047,48.3995519869473,62.73260607554494,24.27694515557793,30.563740792765326
58.036762908551566,44.87468656195294,53.290730487723195,56.21453932280255,24.91780339193371
76.13473388806008,48.413300731621405,48.95315720763043,47.13747475461255,58.31218201014609
61.32788591255927,6.160049522893132,62.03152356053361,30.939265916590085,42.02910113031826
33.81839272886353,41.62182425905756,44.5872644185306,46.555798166320514,24.993912110260165
50.09324755874203,56.87871480950872,48.57003568561375,41.28228613829846,35.763629390446035
9.478129601240909,57.381357353083054,53.87966126416292,43.64090367917409,24.705510115072354
46.89492213756667,41.28798234941273,70.00801766883299,66.76277133592663,37.96298748806238
60.97070422044029,33.247886617010984,69.0205540359273,52.72014121087417,81.14911126074537
39.443552002017015,68.67746686233419,71.93964948247307,42.98219898972226,29.401098942245113
61.252233254772435,35.08949634571971,44.686866328853505,37.71016537591993,78.5224083346044
50.702503850743945,55.15272121761503,49.95893073871767,38.44772268858095,58.87282862417594
63.818428855113496,40.5926286504629,51.29403282876262,65.70233359214282,32.31856719198483
47.48325459936449,62.312086104764916,34.67225952093192,51.88977717228658,41.91480780440435
39.334514218090966,39.510602764505336,29.855963998544905,16.60442646654129,35.59006267080875
56.13081104764919,35.24231314642605,43.189293008883666,29.299469663217074,52.04088454994335
76.02161296200752,58.42943836491749,46.07626118187408,56.12915527297991,67.6843101298914
65.00941359372294,66.87236324108939,53.612488593586,76.73994610972446,44.667486540740164
71.6836553222361,60.636293687271575,40.2165658524379,24.05591604965468,53.05317421485266
25.701611643211066,53.240049392328544,35.40078665582787,62.02018337591897,30.03842247362101
78.67234413063547,54.05191674468378,24.14723771881161,61.571475698976606,25.861897169951796
58.7855716425831,37.71719558344359,83.97207903033907,48.940838635378604,17.604294422352353
47.24226536732688,35.082995664468015,71.80777402436615,54.74379918226031,43.58429738764977
56.27318775682008,62.94125745054544,61.84529498381356,16.438188731983715,70.46822223651283
22.613604228446583,66.33384822410666,41.00672779502164,44.877414393680056,45.71015818631718
51.50370004583483,68.95153377902797,69.48513003711037,52.842581223465544,62.504898501163446
46.583505177390066,44.73242496154349,62.96802098850694,65.59823138984588,41.13422232513135
74.44625164109827,69.83121833701863,23.491384847795608,37.340200506437,40.473075536934644
44.50814829183562,33.69018257180525,47.63437680881136,53.137611821747456,75.90847469568247
66.1401791575607,85.60069289009563,30.551588060994547,51.954250100288434,47.86761341535994
48.111866176712596,41.37141442336116,43.332814658612904,44.035384924975695,60.99560965642851
54.93007802075512,39.852519718373,64.08912261372573,26.695308451031334,62.19404753903973
57.45705814278091,34.84687724689744,53.280819474154995,34.15060475715979,56.83681585823797
26.081614442703547,57.029035231859766,18.471378967862186,57.05133613268068,31.87568882387314
53.0140065425642,64.63489626712979,32.117776535694176,10.80385426968774,28.593459336490856
42.26855168349666,31.6731131707468,21.921743817978037,33.28316258300522,67.38467492755242
71.7590112293189,28.188261971442245,57.584833365774294,56.42681689434862,35.349243632638206
84.28786323285328,47.4678693970334,50.870017862154576,22.736289861980612,58.62729093410388
22.228208054922902,52.51408418264544,41.59473849407773,39.581447614182444,39.36007606805839
70.74638863556815,64.02575621148165,62.53857278169955,48.9988940735168,35.937114065815976
41.092912687168386,39.68770636726384,54.89351619597834,54.736314618221456,50.18430364308979
64.12151089123104,45.90137952103894,57.142880779328735,31.093750804381493,79.06655972136032
64.62605095496494,38.18125942471231,63.39288391698121,62.670474528581984,24.764761300795247
65.24529511421868,34.14193887631952,59.11882294074556,76.59675852201181,55.41837086278493
95.86476636799645,62.21054830617381,48.335958385440584,47.6731487386048,55.98577078021988
49.3614651936362,24.369649542255047,44.351046003438405,37.95935472520196,62.22451165572289
38.91593117425315,56.383096803327774,51.83700677912856,45.401193335829895,40.32777860889756
51.33355488224528,51.04860696589757,38.491094300260336,46.1264983798244,45.647305324249295
57.26660375682083,50.3751250860455,53.33005305508757,51.434515795852256,44.48722823928726
42.13234400405642,68.95234007102559,38.08491485115836,75.083245170454,75.47943759347307
40.05617556605712,58.62748449291196,58.35679088707598,61.31046220959235,56.4335344542103
35.503636617215,71.95142526018375,75.2221998429078,42.0267980908602,38.89240145991775
19.606206161386872,57.2644344366602,46.373715428122225,32.3806323401694,52.43783988485452
37.5477819294546,56.643864984989875,39.67516660124925,37.890148132202825,51.35349935593941
44.45364914131334,28.28234529851139,67.5696360542879,44.30567597694253,62.89940513481114
54.26112425032276,21.740274552410803,57.82558324454152,44.21420979945672,46.56637906645241
82.97131795583238,57.18482294727641,47.809828075630506,43.63868939149757,79.34602393767196
49.87005788188496,65.34936278131926,55.157206212666836,52.412529855273974,65.33664207117596
53.66435830337988,49.71775918447419,57.78621847898434,32.85327476761491,56.912875365643
51.81598842633094,42.52500139393845,55.32312027593909,40.610089029182305,37.25936131045788
67.16722934718511,62.23414878387268,62.2875875836143,69.0969778858235,60.44874817623561
26.865607078681276,64.53332442639707,43.89925219610156,42.158552949894045,58.92703678278917
65.0563994097864,57.25181348470663,47.56503013607983,63.426644421943,53.58626084314286
56.067351157711485,34.994603528789206,30.747927200366323,45.03069645538183,35.15259615738097
70.2378438897415,27.879017354787727,39.377396336597464,24.050542840887925,55.94960203792347
40.52242705123735,75.04979017148241,55.73181263607697,45.69177040211699,53.73087417449961
56.61887823539053,61.834428041687275,64.97741034281515,44.20509738431102,37.20120470805669
55.68690988524701,75.7911685169201,69.07519973602264,78.59393544360913,74.33987760134445
32.806780117718894,49.407220229012715,48.26159114502609,51.72192547953559,52.72481956963766
66.42420750774971,24.34587883686451,61.95211857597854,58.91378765190136,59.00218076906996
41.04424835976288,59.10770014998669,42.30579162637006,53.9759014679475,47.60730856479875
38.88304644247786,25.260070983992293,62.877270526906976,42.943532342753784,46.76872708281896
56.74674492400418,31.37806180285942,59.26973029581803,54.120111167167416,30.114478570085346
40.55065126262491,64.19207834270408,67.94249904205799,63.727598270715724,38.52765655685255
41.41098811809735,33.11485890156091,61.00979567748375,31.223118419317217,76.11671890930829
49.073624208941304,45.540077122467494,42.804728262926524,39.61796462469144,49.65114442960681
36.14844240484719,64.69774268722149,62.57225339440875,53.25106500359558,62.72047229475162
37.27966320591655,33.26458678685043,56.97389349246528,47.9547596295973,51.08872790561751
34.4232590126843,50.770401142256155,32.96840640427423,66.2178195129122,49.278918124834604
71.0051648706298,52.634918276360146,38.72202805247425,61.7308316986237,32.99593722756699
45.56145528555448,47.43666520515029,15.897282551653461,71.87322132256669,58.100556942259324
28.598761918448535,54.80596292928454,33.162230972800124,54.687493729424276,36.22470017000556
51.04292531270323,56.03255784433492,53.827467436720205,45.22095151661593,40.030522614020036
45.87916952957536,65.1974936314604,57.15938447351256,61.46324932444215,49.54219357811674
65.32961813312934,72.33801690274126,29.616034922414396,34.12947212306076,66.19651597093377
75.87996533942307,33.389201594711075,29.59076291450519,38.64167098608508,42.691142560647904
52.27755341080561,61.611129983930255,47.23733645900592,75.95450659438586,49.3001175005411
39.690398893033056,35.692347078689124,43.50190482299705,52.838540575980296,48.115621820364545
44.112941249084294,45.303208524161704,38.16718968771994,53.42059523431388,79.90614068254254
45.31328638050376,55.63078372854301,42.741231214913,75.5254039102325,41.40909444763544
43.88338543463864,26.117195034569278,21.90866000295489,46.7558211667655,41.64947169928939
57.541484259543175,57.87399955553366,52.971494948011106,57.246973307295285,59.26720536346513
56.23002063480943,41.40349414842265,37.73200282834054,46.121506885127694,44.07171225146588
52.70195821601101,65.00641665105678,45.05030066320325,52.73909787036876,79.59602590722531
54.93595285426201,57.56828168474991,74.86732891859313,46.95784068070599,59.66828597712051
37.17213204062655,44.60061843558449,44.661346367744486,57.08713991924749,81.20873778473164
38.21602143289845,66.7056912379403,62.79190501900894,53.49729241223977,54.08474632003157
60.762502801167194,50.383319797491474,43.57649843008417,66.79282755408724,47.96177727864266
52.0437316073942,34.98987445721509,48.98055431485846,28.62912561705513,52.176346089557306
28.615343439808385,23.85924837498356,28.220863074911065,56.83897931355733,35.464235123918684
48.079476702588394,40.42828435951449,56.41584731609431,23.53910611964235,49.2085756553091
43.8357139482068,61.02314421625496,59.10354341791483,17.866722588491612,67.61394832557306
65.50504582266593,56.884801546995384,29.127571970585453,57.66373532554711,60.49522031818489
45.2224582679713,64.16022819487965,75.29145733485782,44.11115709110331,36.60751518377255
46.888599936534774,57.93501192174658,49.78176751927093,35.621723413829756,67.45785973645425
47.44153293510434,59.07387219778403,59.65980856328495,47.289368060956754,59.340332400725686
75.97692957931416,63.70963443678811,25.71490649069319,47.36205516877156,39.6216183565151
68.0560499851832,49.96042923405724,47.76476043308949,27.50894628065451,95.91620217543489
51.62294317520997,47.725262326190844,27.310985440307817,52.62105963447568,49.16527763743979
51.92525855657289,29.123920689853648,24.99836618370552,75.39852845967326,32.45774129688151
57.8683432654807,45.784539177377575,64.92672637755504,52.860613858817615,51.380641959968024
52.14455838913795,38.43637625124754,32.589548456339394,46.34274549956407,27.037610652641785
18.207386301474507,52.16626966414259,45.89523587608425,64.6358194124857,62.66378224200865
57.74768969421906,57.52773866521033,38.12516651241478,57.10320022031286,40.83683034642407
58.727900166214,91.33160569461259,13.94283069794023,61.03683457906298,51.08972885237931
40.68359734794131,61.23531656973586,31.0668941489162,80.81495891968761,65.91330481080465
41.68146463813471,21.081565929070987,40.61987324855063,71.4655767821333,78.80826070719473
46.44151884612232,60.67487328268317,43.834239179651874,45.674870678933175,36.88354511787173
70.98061443919967,39.37962278710668,55.93511636276882,52.60922260742862,89.28177999736667
50.484668674875145,42.43168589856767,39.045753428999646,63.710696792136986,80.34208137219096
77.13460612992593,42.64515539123197,62.17926712421363,34.407294399125064,49.65207438799988
29.412477899632947,50.675888607268014,34.82237814889494,48.99054065829015,69.89256301850958
37.262127503998094,43.946208651296786,64.35040458682309,44.32282984599994,31.94855858063802
43.76203146476766,50.382970150658785,59.273177490733055,23.07426457098653,58.52558493433354
52.94938294364913,18.449450579574396,45.980368843673105,51.64082035599582,36.947334263560606
34.21109730584249,49.203326160445705,49.60857991665607,18.040378052632914,39.56237297834855
37.7975258439757,29.891181572201646,62.853962968411,64.1322481821283,28.162149860043733
47.31127811364723,56.484264663297495,64.86539499173276,63.085165966825414,44.666412252963184
51.307639176267394,66.4031884801174,43.80214692238997,36.19923087775807,66.90851120729025
34.30989035898531,24.126159598276384,54.342768838984504,60.7496059195648,68.2686282907582
59.96312659779899,61.82342745212709,33.224724038733406,55.70547147328211,58.624144018142644
40.83348020724614,50.1088276957444,67.47473993929884,63.20030162489341,68.02075650069742
42.17675666877992,72.93156104045752,41.856809349167676,28.115291596947955,48.17364622288178
48.54002826150233,37.24377597781104,55.82417399119794,86.56163814374105,57.526695982522405
62.92857531989149,61.062070196935395,41.04930002109337,34.32708843272411,47.79130744966872
50.193333687564035,69.50393983316003,38.664844682685946,50.45485182139075,49.974756896512524
45.658536319538655,58.16855821210192,53.56372229358661,70.6380871950318,52.28435511839892
20.98196361107271,34.761962027175755,42.04775918360444,12.9316803964999,34.017467854155896
64.68045347807106,27.132703689005506,57.57982305933502,30.629841820576633,49.67403922740134
49.934697556639655,53.85663043342277,28.33700227432859,65.11089403609313,43.22121378940804
36.26638096659317,56.91814560560191,49.658850100243214,39.23059981097259,43.84600217893293
7.232332907265011,46.99865725613259,43.68223587961607,43.15676418708843,38.62105886160258
59.21733768883314,56.36296591976027,54.22317442136941,34.27647598814325,40.18326909744763
7.886642022841464,56.34387122608519,69.93863088227376,18.8155121998396,64.86886829383084
67.53739593457297,36.46187410625284,89.46764403025024,35.92771870021929,42.86728835814559
46.25380805620039,57.882800750097225,37.381150746655415,42.652809123080175,29.816372215491434
51.687030735100215,70.14904499354205,46.86913182572081,60.261417630905385,44.62766727431941
72.62922589651289,51.06890946048628,34.09037654613547,51.43003418350727,46.77785987327618
46.44102794478469,55.91679841098619,26.654141311389868,47.182303805339615,66.15337832050079
69.58155138035568,39.05667661126438,25.343857429395996,72.55613261551373,36.34551996097146
43.643899676141544,37.662681460145514,48.80378024573768,41.09195988600913,62.60770121552751
60.52760821877328,30.39922736479521,27.052666878588454,32.77855772343824,40.147895162287426
58.70641111797112,54.74591933305022,73.70776153958263,39.95544248117471,33.685462090326126
49.518769691058175,23.832986685331377,51.326025901306586,41.20167752426264,79.30573754610907
46.79430310561364,80.30531822521112,56.431426170689925,61.182172276501404,56.32903249065376
26.87660629749164,70.54659432353426,61.79220808784031,51.155342290201474,29.066721148140246
24.631817105320224,45.98608577338631,63.22973727280471,51.26041779483326,54.8754096947439
72.66245955517289,62.93819786446916,60.28778881211386,60.36198822577362,56.40613338174888
58.95883892883216,57.571212316743754,58.47291175326656,103.42680553362416,48.398640871396545
16.377971580854137,33.85499036987278,66.84559246973825,55.93782740612826,45.68682824425753
56.33320503795898,63.988354325565695,58.23641944770207,71.4430368312761,78.30528804840237
63.87763172186867,49.125669383963064,70.26458264053002,38.97884645981261,32.50272196933034
32.38728456939692,46.23533370342341,33.89557508188087,54.99811341165314,59.600428946251476
77.55850143683156,44.817091946285025,67.08052538938595,53.989694745660124,60.58617666393062
77.95233462758647,62.34343353761393,38.67419595731141,33.31272058043565,28.163643100419947
23.588831555607506,43.49365213093086,53.17564473490836,50.418482966293055,40.7642289532902
22.02555043351797,69.52055712853212,39.50855779460733,57.812398049454224,34.605502231957566
25.696818294988034,43.00653733203391,58.41910500476814,24.601460963758008,45.253689026346954
48.1639180869038,43.67237408745001,31.25990046664818,47.76197891600207,39.4645890508729
28.153550823882707,67.6220805761177,64.71765044626683,40.43282973206756,41.089030579029604
48.52011059274382,62.775448468456695,69.71820728980896,27.955965783404483,64.26307958125177
51.7682368884831,47.428958586111676,31.903753365379057,47.61925679711209,48.181572465382395
44.75700884953417,47.4327349751194,66.07168950939459,54.688822610873345,64.40145052226681
28.562025919108954,44.65960610627998,42.54495621476277,58.51481684919713,53.5698637279423
61.47869921417529,74.09147127403996,53.42230050560963,49.4917458938217,46.13224807148758
23.82620201557103,31.24847215169467,25.675616758412165,41.9210860898209,44.10321138439252
75.91821060313157,51.50208906488781,52.290936242152426,38.730920047398506,47.87370473388633
16.900961080866516,59.60749011438672,43.81850385874158,31.74849045300856,47.439152946746894
59.997773490212495,61.58523319792111,76.95626320461369,48.1649304221491,32.88566109172383
55.21247249593203,64.66767362124085,57.37287392391974,51.99936269662037,61.003592539580495
44.791812226227016,50.96649708643096,54.06243264242758,10.345571813099617,40.00257635033328
31.0806606021106,29.141345633154476,28.89861530530303,51.544000483761415,58.04047635465858
32.94061468937902,33.74252769623209,56.09423572591415,64.91513342225073,55.97200702165672
64.59368363223672,47.247531202887465,61.678014629050566,45.00533437426037,55.278108006312735
32.84677665214749,71.3362965934858,75.71511473856748,52.71530346468027,74.8281662111951
56.95787649389155,48.53842875023511,43.24649473021206,77.90576940566527,47.73871238636355
49.875312429062596,63.92534126357955,55.73967937096775,45.55836714567493,64.09354407986159
26.29633475365387,48.65779131894689,50.457476259769805,47.7967626080252,62.462740304430646
37.48045883587636,48.22426652391566,87.63291487845089,60.790254828983166,64.85994535408369
48.35380370540858,70.75131462448648,26.278213300193947,66.8728926388496,46.345333061105194
39.84133520508675,38.779969803230486,48.80623091258659,64.6773695014631,31.647015240537296
72.45366761074666,34.918426239879736,44.70503329866395,41.65253285650978,50.649081689906275
40.22924225776327,41.2929730938726,31.775459194768583,51.96443893640901,29.924180517208924
45.574030437275695,35.015186191678175,33.86954716477888,38.77808219938986,37.0857660312154
56.60881632141056,41.636631176339485,69.69642181564186,39.741160872015286,47.283971613374945
41.887739350447696,48.15778464877657,49.61001864412338,49.24639188710496,59.55181981531404
50.86941052191114,53.67890935251979,67.86801731161117,45.49764058175048,69.22346763043475
52.454786917917595,9.717229393072138,52.86421148651029,71.16018646579674,58.929045195797784
48.26228393873387,41.88533205901355,74.4959597649173,51.245068596642575,32.38305473424825
51.791497092525844,37.22494496812347,14.765816740177236,50.17365272954327,50.83783731091673
44.82985708048999,44.92015498581218,52.04864398453503,39.84767641435657,33.18569878285375
30.609166114789936,44.07926428856246,53.91656185703848,16.279812264434575,57.34579017026863
45.48290728559002,41.101922035620206,72.05194745340677,67.41901105775317,58.0038745862996
34.46970625906559,67.97874014714124,34.51979476371984,45.414221316317764,53.59386077179785
18.46242855139376,53.686940043205595,37.44953989589851,43.038620763025186,32.18018210236559
65.95220309946296,44.746440986148706,50.05960249577744,74.37264489695524,64.34018652521833
50.802816197614725,39.19611369272153,39.07113724380346,56.53293128462383,36.00662302716701
21.731177502299584,38.30107924112208,56.0502901186043,40.635992221867156,65.46594466090198
40.2061448711045,47.139794388534646,38.46783966468544,47.89373611993955,33.08520986102066
69.46664443519794,64.6191118195685,29.925918252831277,65.52865786247712,71.05168606199088
58.65465089188156,68.06748619899226,51.433066591212935,59.63208523411708,57.31467583157409
36.085099860397065,62.970707158312806,55.48141703575227,34.10123350650747,25.561141100964278
54.015916103741844,47.81172523457636,31.25635998622741,68.2582892678061,56.910241282014525
56.93246478553728,52.27772536420609,31.582251806649175,33.94946564658251,68.36386621262751
53.33924042136296,34.191853294274594,48.60818495802121,57.3782838866242,42.09280382767649
53.10133072648692,65.49590946597188,76.18333747096835,22.986558811255254,63.608927869594
57.469722654928376,54.887174313662285,36.81839331436171,56.544314376786716,42.19883548725391
56.46372355071213,56.81116978722952,68.95040507631131,62.12145900665905,21.365755713879516
50.71451487899788,69.77870252610067,27.839902928405156,48.19136879444063,55.00635409247836
16.09660336331971,55.15847873936859,40.63561897701367,52.50433113902644,53.40586142763415
46.17703124703445,49.89405444023022,34.29771825687987,48.17146746510788,41.38066231351474
55.5923965632089,50.550268885582604,34.07092406230072,38.158055248980766,38.13731966972445
48.81844848838932,51.85264214826319,48.53323643420806,51.9706806921317,41.73548715869779
37.91242414646027,29.40698221255272,44.46413473705036,40.57115937998648,84.5093973928293
80.39297969078942,57.17613997785434,36.479278995874125,48.7320749743438,53.99768414067207
17.107898990290884,49.55009267192283,30.04424896111147,44.96486437812337,37.151931159867544
48.5373786493379,43.274251339154524,53.0990304171718,61.223078107206376,58.41026276596474
77.8259503598783,42.95857172100926,70.97436527839864,34.81476477523204,23.648641948216234
57.960213401090634,72.55718627245743,37.84911873190335,57.90295888868903,38.1463437713299
66.38563681353962,65.72953523444295,55.425131117152894,32.9828582932507,55.97507031898826
24.79998380029332,50.007055012258746,37.9368087931892,51.51401353737623,50.54300906448057
52.17709247647893,26.86462594942091,32.34639165545224,76.68925017096782,62.551102667781734
54.431441229174986,26.90252380130924,54.64995395296279,55.3464498547863,43.44486616741173
32.289267952278735,40.083383434021016,65.1084318682182,61.41609092397785,64.66264947531255
58.54781800222216,36.22431333206103,24.947380212934146,49.02112000115015,64.4824293855743
65.09095386058533,34.5467876763845,54.9689172461806,39.06469721345181,45.898365216865336
30.868444726347636,60.581688755807484,57.58351142100456,32.24203552302255,45.27245843415908
26.712533230840634,24.567814096853535,30.282897634195187,50.23218244789645,42.27686825075857
50.638972598189284,41.89206587662381,61.71391153049812,44.61572136373739,66.4218201182724
42.758932530992055,58.77750243086332,48.89016424115667,31.460709956714318,73.18556493054204
76.37297430951843,48.844356358484006,46.56609456418514,64.04633707343415,49.49245561085069
60.37951033578486,53.703730630338114,52.45668029294514,40.232119804450505,40.851374544702594
65.763334284333,71.69852440348924,52.41302727103031,69.11547629668571,38.336804609686894
58.00987417777671,46.17580151691294,50.35390973933678,46.396895201923314,46.78153420833543
10.783571193368843,30.66524364329669,23.574800142476512,42.78926537541248,34.05105526410079
23.970511178877867,34.65084827281902,46.75899945770146,94.63860566511512,47.79919585291098
44.373382481619004,29.067178563842013,33.605564120505875,63.01009750506997,71.33006109691868
36.12185932293684,52.44693155968794,88.34100494247241,78.36369053872818,53.702564979140725
35.655085519154625,34.87842267970285,17.897367442280384,49.71109837881813,76.26870259011491
39.52983402757465,45.740811747893794,48.85422590361735,50.19219312773391,36.379656321250884
47.69804744266605,54.6666198102635,56.98891430064143,55.12020418941597,38.001922851248935
49.04388543744732,54.69033622476748,65.64931846228455,57.88399213560757,34.26462165759966
51.018196209075484,56.06578264924474,57.1997211830379,59.15194166393688,58.18291975250846
26.552346581846187,34.81793575818014,67.71078575658892,35.436504371598815,54.351797834519445
40.66443610192328,64.84072286924086,66.25805066600265,36.166795518381804,60.54414140400093
63.038052849039644,58.79879300556608,46.49781204412708,24.173240307172907,67.48149073668907
40.6748669837441,46.60347425008066,57.00353697526104,34.81849429527705,33.25239360097225
37.171446212276805,36.10498883609762,33.55770703244786,49.8627002911467,53.17402648958866
39.55951543695686,50.873274316989665,8.85475112676621,54.3957468370734,51.01179377320713
66.36771277345133,55.61332521050031,58.132972561016445,39.48561712316425,23.649850848226006
49.76603922276815,26.926306636859277,50.859845554015806,57.25536344322247,48.39878342352994
35.31116610057873,75.97063103559164,45.644600162586265,65.02584130974131,73.18193235954857
69.35562364847675,60.14594582634548,76.17196822936748,55.39150866456516,65.11237663874
53.1757326739584,37.23349511216549,52.754294551052496,28.541373848362742,51.555500373009984
44.40566352667597,63.27438016276053,70.33217639741899,33.863651669498,55.96617675354939
56.196065826570496,69.89235501088126,63.49158522474629,66.81532774605122,55.86970187348554
31.833515987407953,39.225144057997106,56.464559435054376,31.070498498552446,42.396630778894774
44.59743207542295,48.470129099406726,55.826772687791944,54.762783786814715,59.18208118135054
36.13479929530827,44.12862621841221,56.931574504772556,32.88296500562636,61.26462047414547
51.65360816723331,30.36325136711574,62.64455110709386,53.523699925399136,77.1444066973005
67.15109093647082,25.674735773472666,45.95996003559735,52.311815862530025,54.126947407647684
36.06719868093139,51.27217814685088,45.82156215520674,37.26630670730632,42.56112752288099
42.87705677066212,77.6330289544454,67.56665064351785,54.35767329128788,24.73302170237287
71.13190882576257,19.6160770825156,30.70306316992908,27.2101936549699,35.92943911376598
75.21884790212304,61.70978103062941,53.863075210074825,50.136708233712696,35.941810809700456
62.310341784140924,71.863347422108,63.492089357465886,59.31895452831556,65.14391489199316
51.01639564055037,20.186638492889752,67.10301599887525,34.32557139304271,50.42775484736931
77.2329265067475,49.645828221943255,74.56112251461619,52.29478187272985,37.450211691234216
48.83523915675948,41.98006177938361,66.34253714494855,47.29485284588053,60.773698098620315
55.85715460059743,22.404193210031984,38.874329677838645,50.70527271936508,44.66520577531586
52.389483501767884,58.42517898609817,66.23511587322534,54.965156463529944,51.79918898733452
58.98967129807874,40.7769092235708,53.51834296794679,56.30821325603575,51.518736661554065
49.74248166091167,60.26879172406999,35.22599469694976,37.461862437913496,46.881242507277335
66.11358056265345,28.69457656829232,65.20790271759357,71.23775400324219,53.22930397868312
34.26457057964731,25.13445230225889,81.6451651551113,31.86228992649316,42.39185868244972
22.563541521967096,18.99723980828974,60.20647079985271,41.24437665261465,62.77490305993195
44.84102519157254,68.27494704655211,45.107361393878776,64.38418390666881,35.08905612183591
38.202260250844446,35.63951272802885,40.60705945218315,25.277756865057036,34.76420125356151
35.318954694552076,79.04233383059741,47.92633579818381,43.97903086102277,61.15905062310698
43.11436849107928,54.5014877406615,59.88145211211818,59.06430184161738,49.49038884209771
51.56834134723114,55.336963745269614,57.92342818925095,55.110357738945694,52.343065331330585
35.88013001956956,58.392630626188854,31.828023933399294,50.38916407409739,52.17495876200794
28.024539960992826,39.010160807487836,69.23530676059974,37.69910592208606,58.70479151296546
32.10549371868508,29.129532860271787,61.22694091696349,66.72047247108029,50.194897563981456
55.85616463236614,70.07297048177142,46.93033765431498,51.10411225073366,46.586867791511445
38.80389486001246,27.292582765338615,36.93160840682739,67.33678801064028,74.40481135990962
33.833684397341656,61.09120554974221,46.395652584754146,72.84665644810524,49.49168256351244
40.03328403003588,53.034367538727615,27.745170849735807,52.18685135144101,45.45710655057526
45.4814782152368,40.53125138766633,38.124700611299545,54.39388415138338,51.166173030768135
46.790506169840654,55.548234229979414,48.593660886306374,46.364554762805575,39.64992362398221
66.15022470442828,84.0334643620489,14.005780121910398,46.30756600818199,47.37874327126664
52.42416233876879,91.68589800627645,50.82784761603129,44.815042632857065,59.170672827523376
62.469370712050136,40.89699728749779,48.69100807161516,49.34528382572461,74.17021175042989
52.082890255184374,56.78363831859977,41.02889915254027,56.91227890399251,47.75781888214526
46.12604972711583,41.338246144468116,53.17909503675515,47.678197795652885,35.51236705898257
36.35309273148355,53.112680067198035,51.41874008532927,59.43701762696847,51.92688717352167
33.58443974093353,58.5653332429664,37.097220502009414,65.50148112648529,64.42127774221086
41.07132408299632,37.539903518233565,31.9734757239274,30.516343390822787,74.42503412305484
37.92137667602744,44.06644161933504,87.18924194036828,67.30667195492806,65.3717695352933
60.030517585075174,65.61638266850612,14.693394955373087,48.04111159676423,39.71112408688405
26.44046292716861,28.05784953667184,47.56138896444064,28.91007499823279,46.64280247360942
43.21852948470554,74.26207685361297,59.71844489497134,62.98939698950629,33.73121047003271
69.21269923103611,58.91618842870979,48.5846194371323,28.268508275466537,55.87607844408309
45.41667730175515,39.83406481463437,53.56536424328074,44.29063694157154,48.34100439446399
31.61104233202574,26.62279230050073,71.8366757799017,31.905888192402177,32.60178668913524
40.814545278545495,62.61370697062156,40.10090683994092,47.58718070162073,36.29454511936079
67.24833654446219,18.43682452551537,53.42620613445147,78.82897573397108,45.78989687250504
36.120735709808386,17.396533888403162,55.322038827388376,63.76741226025181,66.87664680104788
72.13041365270226,61.5311365997683,25.638055999941177,68.09769206187542,37.32093018263225
43.90276556507711,60.81739813468681,55.12082099524324,37.183204850847005,55.54255272085483
9.203170822310597,63.22155829524061,42.81698718898299,79.7460366937682,44.97967220322127
68.38457436663678,63.712874267069864,61.837143613690145,62.0121154064737,57.440152729603646
59.70116385020359,61.127548526540345,46.07336360015067,40.34171515279516,42.66764090895152
45.340900378653316,53.03138212091051,61.39991836412712,51.16312989798575,64.2616619941033
50.21110752594462,82.69628879454885,51.13547052774333,49.236695218870736,39.99867190131297
67.0044959112889,65.84662983955455,73.86783444716002,69.61216550125287,50.688170213805726
32.394305689775734,52.8270888375842,65.69811411736927,48.90981807460928,43.57174993866763
45.428215505662095,69.15201333737318,44.7338402970787,60.32852055332009,63.634394188796946
58.830955219384315,40.406263065151315,45.88227189533957,26.179840170598244,44.310542243649806
24.022524591739256,65.46226532380324,30.75762942397957,33.96233465648855,45.593148945880735
41.97573201683811,79.22755257042786,67.71583117530419,46.414126683192684,73.41414539392021
56.65191518805205,49.524242635851266,36.258050200117786,40.97205834393177,82.77352902800742
57.075525602836976,46.435138789791864,51.16178098856641,52.07172637450052,49.225256199002494
13.117227064170223,62.725781347401785,76.73298598247257,54.30130797272481,56.75740108035518
37.64166052449834,44.26720164244129,55.691334406267316,52.65243707936327,47.376794847758866
65.78719958081055,52.676577817392925,58.52152877384104,42.09460674672807,62.99838444243816
34.47435310338765,50.000724009642234,55.557057078935685,43.745498609554716,50.63829042111586
60.24151789698412,60.48734859110567,49.66311104443387,43.9045366070316,56.3625687499657
81.57232616642456,58.70525310087968,75.44415378934602,53.2946073568395,54.820270181113344
16.279812372344693,47.51191928429601,64.83391989016812,54.14825961493072,48.752634930065916
50.79247665033249,76.27466576497714,40.534550529408335,65.47455964777302,74.42355110944672
60.33987737871294,36.76164738119652,59.397956580778285,58.13769978393202,73.02499596842674
47.67695200356273,17.848344899113037,35.506817687644826,47.21191392431918,50.21793811930995
62.10672226886951,48.574992993105944,41.91511951179851,37.77701517970503,47.65177941786093
52.65449914595026,53.8698995408191,60.23688771917769,54.3139678314468,27.442994684968717
30.02846052408638,44.11977891594307,44.67657113673913,71.45467257100191,36.932485999289405
58.086791109597456,74.14757871189724,60.3532171375609,64.52354147944905,72.02084070155762
56.569469351234886,62.340189914015895,51.33250557619558,78.38323904717731,55.73083121003055
39.392312161242394,37.611220393510166,42.65651953956837,26.920266381110224,72.24791047995166
72.26376676799944,63.902352675675225,50.95647992430128,34.43011428679769,41.55296748875094
57.72153878250183,44.18442361015272,49.97288068065457,30.684732281119604,35.23323730745034
41.68604985207932,66.67732845195779,53.38916384322873,38.74923354389532,44.662919794345115
70.98681002908245,60.765600813526085,34.99760275199608,52.31638609733977,52.10640743360152
61.48188700665677,32.80818046809674,43.10194170109821,65.40337401283172,61.596644525000755
41.177970218366816,57.00113674693885,43.22816538297508,55.757432022607944,61.73169718858918
39.23034852844214,44.586203290977465,51.5026868760582,42.64366548689762,40.85899017998197
55.38171897897636,66.20060937472903,41.28826547514649,38.764170938316354,37.4351426101488
48.63881123909182,70.16071708639276,44.0206389038144,69.85428876372691,42.73826563823825
30.34318581081613,75.60757529333544,47.88808270390664,64.19865481504979,62.33328700387728
59.670940690879654,46.58281080959023,56.390347898728756,46.37191646445304,29.105039563623414
44.5434757990782,62.00652827385878,65.97205753138266,66.02985533472152,49.76345323474132
69.02374616900318,35.34554467827018,89.89587148357165,49.56432217392283,51.40477739846946
31.99220386235477,42.950284839904135,60.651747466760995,57.75946917082144,28.519811364967296
54.66784786974856,24.95481030604494,68.44630881562003,68.65335805301436,34.529318572356146
53.20727692335888,28.82195614607292,43.310478161735595,53.77266803980491,51.566649341661225
54.664894304249316,52.71226385482744,55.46144946783833,40.653349934686396,47.312224745694046
50.601625780262154,47.34940400409377,90.59683288814645,51.391455503519296,29.30640211145935
33.68591655472835,53.694851688990255,48.18910514742131,47.36779750620422,26.593261821448124
29.474171353764635,33.20660343987886,35.29738013060468,29.950201802059055,60.49053716656713
52.60786963751352,62.81806278408612,70.10484360590002,53.59369104155433,38.25086286196782
61.98673376084909,29.90806523854884,41.68834851074581,46.61137988927347,52.82210928571468
67.77114956930082,36.798860925922526,29.753907419234906,73.04859092381909,65.14599277396023
95.08353490280342,26.955249069486264,52.29221303390933,28.08204928804344,74.67946286780887
22.104197233754636,35.66824864789186,54.43854129599639,52.08193219734321,49.43750539903484
56.776301796605225,65.79884883417006,56.41681782315864,43.93600800379026,37.522436346049176
54.50571301519735,56.74981297278384,59.06207933941202,45.47096567142123,24.264904155725304
59.38083598837324,42.28153288253211,52.28671636723721,51.04870150319513,29.819733482329546
49.6155477572207,55.08747217743318,62.1389246267974,21.752724966909284,26.848455679077695
41.48029162046632,45.28525015786614,24.901633356741343,40.230820592113524,30.58448691579311
32.76984928478218,50.668624549205646,41.468320779126536,31.995017306303634,61.46633984755446
38.501692659929816,70.27522353134772,22.46734736638338,59.63545739283624,49.44271057831273
45.40126882813037,46.462427239883894,49.29411520587615,52.217834315933935,69.11837022627765
47.73021943144173,68.2607960231588,45.2895487665654,51.19349232144575,46.47793164848173
23.749108307351932,37.9377782350428,73.51047702265626,37.041001520402915,61.91254948141953
17.447752076178517,43.92798053517746,56.408702292380845,49.12124744740509,55.54859992160343
12.568643120491096,34.549154596308064,40.53411696415718,34.71840385046646,48.07705850744245
22.73581149344664,44.83825427112929,79.05612952655639,44.4491988969958,25.338222897656053
65.05376554737882,41.03192625438061,26.685631048845476,46.93811553553375,41.69376562453408
51.71679987047165,50.34256215307653,57.65476837523289,52.26487689825946,83.92374106540173
39.65992228263458,29.420646323809688,35.844008151356576,66.83716970363152,24.606959796701414
64.15810444418389,81.96101248918127,70.50863433714062,43.260806684497325,59.829665732740665
63.16471090387072,43.408593581014166,33.557246483494666,48.93104839415326,63.187640755382354
69.88957071248011,51.37475091503605,46.77333452859112,48.150092058681665,78.7253636371358
52.79800527483822,60.71375992344894,67.32370668690558,46.114800059233154,40.35147198244722
52.82971876777163,38.39471266669151,42.365858071845295,18.995268725249062,65.313643462868
36.697630655715514,68.33220910070351,35.65055461812929,29.549291870264717,23.992616567770913
16.609530346922,73.3222217319773,61.58819488512154,52.525099632472994,70.77932238972278
36.32922771481048,34.89264410332008,52.29938141705623,41.66475151098005,68.58559958367617
96.2017310665602,66.50095668210695,54.836225792901736,50.84138359474607,74.92496032198795
51.171858111861745,58.60148593633566,35.02844429439294,42.40887108767854,57.490966675080735
67.82080163601992,47.173132718409214,57.24558614522635,34.67568096846024,56.35640131846843
66.52033663415529,50.73905673982546,47.75155206166765,43.12849622784864,43.191521974448165
70.34138257449955,41.8998814927875,49.536594321018775,36.058913928591,49.323489378228444
64.97096496254001,33.1827100793233,35.6936410774841,72.55490577806393,42.02359214022344
62.728319830281286,42.86908721846892,38.59905404258235,83.73920102929556,47.05280605123891
59.99926989242851,48.20432524546727,47.21864682730117,68.88278208778834,44.38428136757886
35.583807416727865,45.77593761425825,50.870567117716305,42.92281865756938,40.22957995155787
31.114123225503818,42.018046765969416,28.206291010096816,35.4484250088966,61.76341066442298
65.91148263544905,50.62012511188272,27.397137275221937,42.785817031811284,67.16249483563335
56.79920480984854,32.29035657277285,62.123861548662944,44.33542636101943,40.61954433153094
54.90054153540699,48.61670055176942,76.2757963348559,60.53727136046893,48.89528206886299
59.45527115276305,36.48325037215804,73.34787936942507,55.81642243056012,84.11382807474257
39.069949665935326,19.16367687169041,46.52649765543534,17.821767054092554,84.56154018953808
49.05587438978264,30.430879850802608,41.05697625073944,25.549134812912797,35.868234016364205
74.8570697874754,57.48698248136814,58.72407051516111,54.83259957733993,50.244824228058086
28.181314690532357,54.36298568010684,85.02375981857148,64.34258670841749,55.64733054289012
46.462861370222306,38.6559937235092,100.99073283861347,61.77302185931056,50.522657801525035
46.68719572467295,36.83363739455315,73.36771729702252,53.85562439390083,58.83259175522634
31.815615036605916,58.03626025664413,49.58846807250493,55.66864736831626,45.44561955915987
48.37149818106929,57.565878597991514,35.89870265845813,35.202059120863595,23.570705946339807
52.05548318048119,56.391094514775354,35.35309602067666,30.849280304108934,48.81161606980144
59.79024683017931,24.796261243027264,42.984596013988515,66.78749112353638,38.35189964683805
41.243382544687236,60.68288580570579,47.399775023597954,56.265851502024795,62.59890799616906
72.29522454375225,66.87477428520741,77.90733294908833,79.45675058455413,59.308208711337265
52.175670036484476,46.472200732456976,39.55383995582514,24.066090325448897,42.424908343809406
67.43235013862997,38.19184488632118,71.16483128900319,49.56470983163609,66.57303362440973
65.89283193175082,40.22027308253918,76.38454277351933,78.4465332782143,58.66956124655592
16.566453022397674,37.35660185118437,27.003543825203423,47.78574166912559,40.43646262776111
56.645764545020256,31.370223550802425,14.583743363609173,64.60058775875358,65.73434813734535
15.371796568866593,41.89812240899509,43.8835173672278,41.00258449589104,69.22171483437063
52.270038156705056,23.320748601374667,60.76270365237774,51.905611510146926,51.005900992834825
59.89910204657324,21.065051356326734,49.653931647917354,57.665595085760174,41.26162393918379
43.177293451826166,43.26454767840838,63.251211700894416,33.60378446104036,46.92668968883667
42.66857649390715,71.52392250452877,51.80711759372665,49.63482959757017,18.54046958293361
29.559083126715706,60.84237953237591,47.0692875494177,59.115385454422025,62.05901054072932
67.84744291076117,33.02959311644756,76.25793813733006,55.115574102439325,56.5885102867965
22.645314020933714,59.35299918591569,37.38410257326305,51.80389030162814,77.82221011033846
55.82784292499198,53.168288812425445,56.118228613940396,38.80884714464841,26.7011682547664
59.234838577165775,51.77115116463219,69.52985464820995,36.313920513631544,30.775943960096104
60.666548224034244,40.13080667344586,26.73666629361673,41.27142008301712,34.34402442397105
27.029931647229077,56.3776237295351,58.60717038069352,45.373258440402005,77.66766246541498
46.249636340335854,59.60278860958621,26.919908399121898,32.722997963133224,66.1150299869575
67.74017038485454,46.770803249037606,59.21722284758999,54.76831696295925,58.30559623138058
34.89206579012552,88.60696631159882,98.89650308934223,40.73312963600848,48.03979136195876
61.86646098630298,64.33834837989995,42.45800354233651,60.94572597611492,47.56156570793524
32.8272789015256,45.3397063219007,54.5395849179341,56.22024643716339,37.722888767293576
45.8780828276859,62.54222610848891,58.928090490975556,49.85251048872936,48.89363483657359
68.10454209188072,67.73087404222682,43.55070611907494,6.331136688317244,24.961026830858856
27.91270959054513,48.1600480394093,58.869683702822456,60.90926679940613,36.39900256214193
41.358030316135974,48.27336720289828,48.169466105327935,42.652519849919585,88.34536614857424
54.707855192435105,33.62087752592369,49.90694443456736,43.5113140896365,45.83196629930944
36.651139991276615,37.351621176700164,21.01206882271189,46.396008418095626,50.384361575355875
41.34307272453168,63.500094372566686,49.34855971487712,50.62879296558265,53.57687103458772
49.49255700560948,50.811875829691196,29.09598981790293,66.77665062651688,29.705772517698154
63.771222326694286,55.14191136128599,41.838771766030675,55.8527799965765,45.64772456748736
64.76257213470463,39.24064970521373,49.76609043744423,38.84746341618935,35.43665603253194
48.28815150000263,70.93590893034457,57.28772340657856,47.790086472812334,48.33701517968447
26.043200346631014,37.21314396677353,38.39684446269897,52.3848838108426,64.65978436730553
47.63627345195094,53.157692861148405,50.56056121953157,52.18720889502921,50.19731499184273
55.86722405442748,39.38365291268879,63.304961006128565,34.00286086691689,26.446446471045814
52.85239136903228,48.886152612647024,45.099458415997404,44.07817229865728,59.8720659039188
37.404447573990794,34.96244390242449,57.787171479690855,62.01136541913941,37.943238760185245
69.01014603483819,45.99843801420889,44.66008118193036,52.72551303642592,51.22842048502509
62.160691406457005,85.60237065280374,34.67339775020382,44.492139230753594,44.77521332656566
78.9297882576667,24.911213861518494,47.42356852794181,57.92319348702613,66.27669035899305
45.11887926410437,69.03959681558385,37.490654154381374,43.072899055818326,23.376617682552293
62.37800689384008,36.5331256742624,46.93067221578382,71.95822865028077,35.46250182630422
67.5250085272136,65.77571367246077,48.301436179473654,49.132403897775625,40.87370008251667
48.532903860461445,40.35928542852132,74.42331945501896,52.01914223585237,65.20803489951874
39.53924903889781,70.37391011631374,63.117662534860095,57.01215084889427,59.12128585296783
50.78190620615409,61.14464936396536,61.484985158291444,58.95191340764492,59.20444601234821
52.87669775876286,26.994770869323748,47.753630274026996,38.02932430351334,30.067307222119663
55.92759765667124,74.76565198157567,16.07545729526374,36.139761764346716,49.70824005457631
57.34992738574264,45.23499482560721,58.06851096924074,68.44355333818051,54.12276275964548
56.03524927966595,26.45439623194569,16.359809035633816,41.09259709489389,50.931411180345
53.6138925121177,53.372037516742964,41.37925682690322,55.220506974166376,49.16356982255193
51.59302359481839,52.363358021538744,41.41238638518629,43.98826140772926,78.66470549540773
61.50762787780137,46.33026446360681,51.608280962858224,45.0627210378817,52.54414907045489
52.661597349619754,40.56630292342475,55.49756240799756,52.885863564617296,41.76698862527057
62.27908869494354,40.54367260719855,35.41859151722155,62.10100958101773,35.78374797548504
58.125477608896816,76.93217498000121,66.26482271634143,42.23370986233844,40.297840850091944
64.19068031809273,53.41595540847826,25.56216698433704,59.85540149823579,46.66143280307408
51.806220301992404,52.742437835709524,54.92739568127417,81.84679095684635,73.32176170668889
28.049252153122247,57.304178663012934,26.522137631446228,69.96331397638913,67.07383281129727
39.20130750872977,48.012699269076876,63.121076537473854,47.32655958156829,41.63605250567277
50.672410843777016,71.01173130850773,27.12208391358391,37.26381449952876,41.036309514000706
77.96334115911239,70.27539841800981,36.66614357453664,48.66055697471069,63.1083786335232
62.229374114757356,52.08568442246149,50.599815618594384,79.58900432889394,47.930952947974596
26.143236297343392,52.48888467688585,54.51662496800475,48.43392453910495,31.253708537507375
55.71934409762029,35.43253111118497,50.02228112877177,42.89134211109204,65.00289191698253
26.599048866324413,32.57593086873748,51.01833848777678,50.07157109902056,46.50341449814187
55.17134051119876,52.776009358813184,63.41170735829931,52.332332271479146,76.17308848380891
33.70672544921804,74.22677851525694,50.419506046436375,22.665860532443148,13.78964206029572
41.486351753673546,60.266834476092306,63.6512272292473,36.537695687018285,40.53106250248376
68.01580946312113,26.218090314024654,38.237031959662716,59.903463296000375,38.54878264514502
54.970305333363115,45.67044407876513,41.136920933781724,35.45967628765556,41.83904160222865
84.33975901470245,40.481740624549225,53.084192985329025,56.510578785517275,90.22275337744824
73.23098904776373,24.691777033040147,58.881527549050006,61.790252686938146,68.81305985100107
27.62787346467566,49.10716450343788,44.52285996884359,56.34776086427308,43.890283622590985
44.771192466075235,28.872172328726748,61.22555255199565,47.71620810844678,45.63584742232545
45.415983530020696,43.85206470809748,63.56198497927197,57.623950506210406,19.78562813835586
27.502224070511193,22.16061860197963,13.429622284877894,66.99469300955855,60.44835642026186
73.19194383240288,44.87117309878485,64.03488865269598,57.86811258124394,20.569324997038517
66.8101148646308,42.848974034533164,56.47436597187219,42.67546368034541,27.005298624325242
54.84874281983686,74.12731503857653,31.700087552843655,53.178226192540386,68.8461789715879
12.0479302889974,34.92279488320969,49.93702712516026,43.11580591788552,40.337730242905366
31.41094397587812,51.180185535733756,36.38837543182667,30.93960418301692,31.85228438070654
68.44317510960772,37.74241342677813,56.941141351623116,41.13571893118598,25.062440361584564
38.207542329108115,41.25240155991972,50.6634688099487,52.003690081086546,31.52938306744829
70.30704563871399,71.44243153292115,50.670239772684404,54.62778717552925,37.404655895678516
26.77952545937813,49.13629840541434,43.999788963425665,73.95015669522226,86.25116535985622
37.43189736840314,51.8716821454613,62.71006594247582,56.75437246857375,55.98252249315323
69.32911840544843,70.83783752690364,55.20985916720781,83.58221784908272,62.86949420284912
39.30064591656165,64.77160073003932,39.26493233417101,52.1784353300877,62.44367266163258
40.58522433538567,61.94573517167516,53.44447923061154,32.4256886011522,23.235814779074087
23.91346610547575,45.139322232556886,40.86667522838086,75.20144419296922,47.12934789074737
40.35398650182836,52.88431328642105,51.33494200123306,41.45835430863704,50.49206825140165
46.211741215753854,42.78005932452414,42.595708083042304,58.01612900939972,40.63491397206689
27.786885573547234,47.980144050171376,48.646093876235106,39.41148564184016,86.6269343160892
61.3250445894942,46.64935304139138,38.99417449632591,30.486449728035232,32.22562664631252
45.60359413124083,62.43369167083646,62.86689415025896,54.62287933129097,60.340228571303555
53.80062513728811,58.70236394100783,49.13525859092357,38.92745886800169,49.11211254164705
40.96046356796857,54.67333805514128,34.18248152452814,50.1412079961267,74.07962121634408
80.37768017913362,64.39749273544699,68.57034815109569,36.93471284840056,41.361790440991975
56.23368565716582,79.68903410928932,72.58786615915602,35.25877010624235,53.0883698447275
63.28124926850886,71.25465467247187,46.45845538373488,48.22499391993155,54.178261829320945
32.96940650745499,48.59991353878094,59.71152252246922,44.74931785781313,76.69844185225594
57.694263289383024,29.240494104885634,41.63621712781213,21.05652475233764,47.37255789960236
35.8470185878532,50.711637808121615,46.74725478566214,56.01242932317195,71.26876032608041
69.32663000392662,74.54198667270546,48.42451913140203,45.57567667351653,38.537731598131174
40.66880755622108,56.34148214742351,30.462486449993293,44.431269377832585,30.95076970356977
50.45480322930938,34.63584187495739,29.28132123618793,48.1334214530775,26.758307641804862
53.853552711209986,42.33973678129713,51.52661336330381,21.996031042934465,69.98955810188971
32.58674819045203,76.83553497804415,43.49913063108561,69.52208231163044,64.30867240239525
43.23749034352531,60.36209673416958,45.20094383949426,46.5324867070777,61.14013707440394
26.674165420328674,41.13540218356469,56.86869647830879,63.627939340903275,52.579289453447025
39.88508960961091,57.12603991198575,45.03150415327327,83.04494064792362,52.743285699356946
25.237906471386694,42.69362383575677,36.52840075178143,29.181622918044017,32.1324998731245
47.40539754096211,37.49771923039093,54.072141082990605,54.11998939377574,46.688405592594364
49.46168902525115,77.1736877648209,72.61973810794194,52.73299245565897,52.88062556395447
57.683678604798466,55.9199281954584,56.26716517391882,26.565658159396268,50.79025609898775
61.16735925167227,46.82794666361813,37.07272595463417,48.27468669142779,51.01239843104479
29.092326481284125,41.756806903177264,60.75499520458769,55.99596252384116,54.26201975338203
73.01313390178579,52.26068529265482,52.18156103058472,67.55982958704185,49.789016019919195
57.34644436093634,22.87462689479257,57.66191012370547,44.786834901597246,48.785430084880865
72.20001421336478,55.68364576193647,56.03688288283363,42.773405422962234,47.16815455162496
70.40509479600546,56.59299363695251,74.96611541956364,36.964301042830286,27.349816248177166
46.5412545797389,64.54880059566885,53.64637634030846,31.239295817299574,42.71281003978381
59.01383119624063,64.68179895024106,39.449847759095604,69.64849186161517,60.460972219468445
39.60557868499644,77.85141136821082,41.903132680501386,44.643931977647824,62.81796168751178
45.9502485763232,73.06460487482049,66.93739752160637,56.092449608055446,62.59529609742091
42.50813727302633,44.633112923590346,29.571512437754006,55.61921386165417,82.5914763026692
41.28488950365035,21.791020615792185,60.85389190991483,54.900738661201544,58.22056475409035
44.791201291225285,23.89333230526936,35.881797943761065,21.05082055086302,63.792046424217425
58.50655954419405,45.55042852569963,33.4908327632065,45.50931733189002,24.217525172932454
41.727537792512216,83.41844716904224,52.91328319166949,85.71525687251606,22.65889070587032
47.16385722390918,33.63159613285941,41.22829735805526,49.85109315053036,43.196424564080516
33.40706569826507,41.86599546558767,35.47895447172117,54.46818014686709,63.572035692336726
67.86367255634774,52.567274593989424,49.37928443497884,27.21295614492584,48.76938977754722
53.429659605550505,45.10779429954962,32.43863087029334,61.47347718274552,37.66324998027912
63.25945403865534,62.100238062690266,18.157050830376665,62.560471832006314,47.05332347555787
25.171625367318285,40.89442386265338,64.69289005097588,50.060963196316614,40.29714352288262
51.508191267137,47.877039419763065,31.896680332832705,31.54615070893602,53.12852397046405
59.45719941835654,43.90206686370939,53.63036797355818,38.290329579694124,78.07125641355938
49.72768396924444,22.476401217868844,34.57332177651075,45.36785425709466,65.51693900335742
59.780675853056884,40.09271482805083,26.344550632075318,46.54147628482291,39.756322522618234
46.921061219792435,49.001800217595346,54.02181251517413,47.78057759870467,17.558798192880218
53.83618637517545,56.45984976814422,41.22523886915999,29.031904403243452,57.98589491031824
45.78986799148761,37.66586327045258,51.627818874109785,65.73278607501099,42.35274484377848
46.12382363428826,45.122621399818364,31.259303707716526,48.58921447783651,74.37205909142074
23.32072710174542,46.514560452987695,62.019065687787254,32.51930688632061,52.8244047146147
63.177675589796195,27.334692769168033,73.20394153482411,48.17982598944568,43.48554556402344
27.11481411414405,40.19311950682694,23.774885627202224,18.448493629858753,52.493021524435854
51.682494891338145,24.788793985977847,52.88082533634922,30.36487074256524,52.18577414609222
57.48482802413361,18.220728409012263,49.35125818334782,59.42320717609382,32.60241557226612
44.680355760342266,61.98467888367162,44.29205753717756,65.36388812900182,71.29834608058532
70.50212602594792,41.93206288480876,33.89446723503214,59.066787654436986,47.735998207038726
48.31203995855696,78.82941164444662,47.481942562087696,39.14754503311734,1.2535339982915232
33.502998121181875,45.315698688579,63.43060364166512,70.78022920632043,51.36271463837458
43.81164418526582,42.05304303582058,55.3711904396134,38.19940711605168,62.909408534297825
67.4510301488517,68.33397999148828,28.109261570575065,55.18655484515323,46.82491466658313
23.569955955525735,48.96938324276391,44.15105966542507,43.046279672294716,74.08938802130398
27.06152107252196,48.918546108087675,52.738328469497695,10.31015236624468,50.833278440852034
53.33863657072921,62.49336844292805,8.219573616181883,49.175850556015995,42.590584555103156
55.22362836471907,55.06246397526296,53.846630334939746,51.883901576262716,48.92511612328929
51.832593303442714,22.22836789687033,95.81515364377454,59.784873392193575,74.99126792196301
50.081736348142805,58.19843604253391,25.84334343570727,75.01961761704214,70.18906253087218
35.78103811301436,40.9296005218343,47.339268427692794,56.01274121507029,46.74767518747004
60.396141140780514,53.65989571264296,54.12325958599435,50.484383558534226,70.71341215360823
62.70651764967836,44.4760619148679,63.79652083402454,36.99919631262263,41.90183034855095
63.21651348348457,58.562956207482074,53.87771034789787,57.079253237202174,74.61073966819943
49.18089429649317,50.02341530046685,70.61702930145736,34.193602548925774,43.05109088082935
60.16257584698837,40.55561923414345,50.76577732706848,32.373973962892535,53.947252854750104
26.15749497976518,30.211951652373454,54.55399370520478,63.18170525053267,50.61157307781476
70.74873318447186,56.11057674853093,41.67066516740048,69.9738000968154,58.284975213939354
57.2599100252809,70.98428648313964,44.445116805455534,59.967414845726786,42.60078001126479
50.01692364405241,34.28646198281738,54.23426799659616,61.374828416805855,48.80654456853263
55.25329924425846,16.674833017920392,56.7857493101931,30.30990134438816,65.46962721350656
63.92252812533255,36.68975679584182,41.891304152142695,70.64209998628733,70.11306644295891
56.66976811654203,42.270747847841974,22.57181015053885,61.09971333345807,41.13808382679942
59.658717582281305,62.38888144038836,46.79945324248679,53.21312083047408,69.73133580159379
46.62162598218641,41.45333682317229,56.137776174911465,46.83362493845151,51.80094411236218
