Load,Sleep,Nutrition,Recovery,Fatigue
42.440428726012385,63.962641095899585,27.05766680459958,68.4828634907422,55.92427465324605
51.723444916909536,77.92857985941252,31.48005677378281,58.0303061174204,52.202114471773186
36.47503520441964,68.85012298565385,29.60704940347514,43.383430179817886,50.82528973932207
33.514153311105616,53.74396192185843,22.2452879183686,58.4674247713665,35.28022889069074
43.5258493729892,64.94808565853128,34.3302184549281,60.609277976682606,55.590843603212946
53.444224544928105,70.58938086883444,43.23734592111936,38.832547974016094,66.57847700715804
59.24547834726236,77.5589801601497,43.673481776930835,41.565920755475304,68.45325129301547
53.089414065696296,81.69874503831656,39.27169278737388,50.73485831344024,72.23719141068113
56.422049574729755,81.81717457128481,30.29627004954837,44.162947958112284,67.8107777492814
59.342700942620525,72.78730785589994,39.54135138327475,44.41659216578053,59.88072895895141
44.55726758058672,57.43143136989752,28.69047543787034,51.98158377128814,45.057691819472076
43.68528613116488,56.05188945613365,25.76256502190089,59.78802660772915,45.65740964201804
38.45519763870843,74.07360276955552,33.778439421755515,63.38456439964641,45.86287937537071
49.78748878177489,67.96113038538236,37.880575784067474,46.067945361606384,58.36672249492367
50.31810616298475,56.69871613083724,50.87049075320267,60.79783583854169,55.444283593918044
36.57647107206046,58.18165359568262,33.05761926263878,48.7070822875705,47.13356712204672
40.45286795588858,65.966271843104,34.96637690352748,42.65967545251896,44.455398520619724
40.8714908150806,64.29323093669518,24.066078753261767,42.39304073866417,50.28077446466587
57.64030699666153,68.07268208412475,50.75548883729912,37.38400682714341,74.79892519224192
56.43613999064682,81.65520935923202,47.706935030067605,60.076777559931855,62.21486004379085
45.24308642841623,70.32500310105252,41.01911152877824,29.647430319434854,55.0340556706668
51.48732911239125,64.9888597920973,21.117861079510043,53.64517537921738,55.123018754910404
53.049193674025034,73.92133804456066,34.57987502416654,59.47989126455819,65.70563271344113
60.88024383271042,82.96282644295417,37.98309913403001,51.156393760834106,70.3880597534059
38.37106423061643,60.74830566973135,22.218127557536715,50.51894251527677,35.282674620926244
47.62431852574827,68.58053925326918,46.37398586260582,58.849613862014415,48.52240554192798
59.34171546311915,75.23005411029085,48.446713646248426,50.1021483201901,76.06589284022789
55.68666220564809,68.62026024253993,38.87006143581999,49.2934294541504,64.13901740881764
51.06335208970546,77.7625709682972,43.036157237457175,25.74574398629855,55.95494499857684
38.62278292410367,58.55424850274653,27.520791824156326,66.62022747238208,50.942573575688975
56.6472191163986,76.66648884582062,37.40883812811064,56.71680740716486,65.96110814499642
32.46385107469173,61.519538282557264,20.592364048641198,47.30287888440335,43.374667385492955
59.346497533500134,90.10722175279568,63.57666796599009,56.620392090892594,75.5460379678866
61.57153149872935,85.63614187943489,31.63081141793059,50.44913924456781,66.5541327176437
49.03280541176603,77.55072452041586,41.32790962692751,46.4821625580383,56.26498328967372
54.347198227991164,67.2290863692265,54.400573638100994,51.04017456379781,60.15509524567356
73.97168234843001,95.72339931821438,47.56761374909928,53.01862521111753,84.4362686860903
63.82149078818008,86.1345684485418,57.913156797607186,37.78901772468629,73.6747743335272
46.70874207451863,80.62413122218769,43.117741653794326,34.43680629413496,62.074581723833866
42.75673435841327,60.78327604012101,24.351457922081565,60.56942797610439,43.06051088449574
53.90700150656488,73.93863380533047,33.154333963385376,47.16404200535307,55.75053603585999
53.13421269386307,83.06273850209126,35.304583286686885,45.60947363102569,67.15942151125688
45.77951059199146,62.480462477590876,33.91730134639962,39.8721648494622,52.05734853012482
52.29380233607239,58.35842245624258,42.60896126687788,58.836861320224884,54.883772084006196
35.510311899561614,52.50966017555397,26.122954892276255,53.76005532087026,35.95773634149683
43.58585068749156,70.29194600750584,32.996773947431535,43.62498156237133,46.31666186926018
49.5697499785068,69.2210688637265,38.74784300240879,69.64669909777766,55.30498047217876
66.60971901623628,89.18622542839044,63.56693227017137,57.09396828086295,76.37361129848637
37.83719597163825,61.552977664443006,33.19161513829695,37.55005401305131,49.7930260465131
44.01160958778583,61.66968221625089,33.22313710007775,68.54603668263991,59.484238479342785
67.54618553259189,79.66547147592483,41.26812172897924,41.75332572732671,62.488199824053765
51.36888543878513,83.38194166786013,39.371935169346344,65.61029146630804,68.43514615003762
33.9226302537017,53.148232346480185,38.311599756204664,66.35359907922499,48.28232674945731
42.639468612118876,68.35376800494318,42.22740649040379,32.24708488103032,55.188966996198424
50.51869102928337,77.02182456419622,42.625423530749835,50.986046172433355,69.03005581088343
46.99948642007895,58.12690222861035,36.537108373253574,50.8892305075968,50.960025963394365
46.855697785043425,60.52449680012073,28.128682052006234,50.32953599131704,52.2958016764536
57.50507257885406,73.46500717556752,41.78461534287796,49.32571531028298,68.69945001252893
48.791292815874485,65.67950412673957,36.69708457669588,46.43732210991619,56.47005036790482
45.24674641372488,68.1138680861043,27.69754294419219,43.36224776497363,52.454506446129194
19.694802265311626,41.02138158496054,12.694301803508447,29.255771513258377,28.95924920956265
62.99051701225653,93.04116308192005,37.41656447371667,44.51154050113938,66.83803088684998
49.15329113468222,74.45822090273919,29.2582520251325,77.44330915930709,55.18689887889971
45.78572042811087,67.19763888619352,36.989400051510245,57.931501517178226,55.093345369031425
43.054596229342,78.47808832834062,17.18703126211485,67.26875817398223,45.65562102150157
58.19333642191373,88.88374027747923,45.74740615539663,43.34029742820111,70.39293641453617
57.87095231325888,72.55882869161107,39.634446933905906,72.15383173540451,58.19681277751939
48.72743198641229,54.4230527319278,27.342923211248348,37.24442278432779,50.97942344235625
61.67633260630486,83.60127871251545,53.75365857406747,55.913011507721215,70.59008099207686
50.61303091421682,68.22837034633065,27.677196351145625,31.745577956086947,63.79501373778685
48.192814062535476,78.61974729098472,40.486860051772126,55.91964451544713,68.76933133108778
45.992395010986705,66.90941557837158,33.779916627313355,63.51659649409535,46.341267104729944
48.913291160656314,74.38440865821904,31.27953014499099,48.83468984370885,66.24848768198903
42.883687836343725,54.05864350087202,26.037766255165803,65.1377002620974,43.81788876183326
64.37016136349965,82.59988015369771,56.277694031433015,68.11864211927642,69.22617283967195
57.25854993133659,74.31355843122955,41.552367916662156,44.920985699007176,69.0681530969432
53.71713851276801,71.30879503689266,41.431602964584926,55.17195310338007,62.93511918324379
38.79747383611783,69.72580241636314,24.457268495540717,44.12652371087285,56.401431561678535
38.4207874286345,48.7381358950793,39.30737315756416,41.338838203232754,46.14224552403952
52.096248453669865,76.49044376836514,32.297894158639295,56.211068951655115,60.20801199613572
40.67319827701604,65.00675309609287,31.122683934627453,57.764035035904435,44.496716273632
48.215879368735614,68.49521277467824,43.3704960457235,51.276008818020046,68.13514880758603
55.15452980139297,72.73826730812974,34.193502796248275,47.577575484088,59.55457866325887
44.9838911704232,66.15732899775196,47.520848554106735,56.64306285604963,49.97612097114685
58.15549136699817,78.73614555029808,51.76186364486703,66.40323276116759,64.36951813180059
39.76073128561955,90.5737930012983,32.31191444868163,49.30304166638307,57.81761278217941
59.543059252628126,67.31981838508429,45.21092007056213,47.73927038158881,66.66536625896657
52.039016519111264,76.96897987765288,41.20603954628644,50.74635058382816,59.84763975976802
41.90931308721345,69.29044513270108,31.69250831027295,67.10463011110272,55.52898810778487
43.31219123718121,61.84199739696103,32.711841979966,65.489619723122,55.05054535571461
72.67197875615997,82.71983257369652,61.26376152465534,64.56945356629885,78.26131333058304
44.13503954566044,62.459717952092156,29.685943637734113,61.49354070851089,53.04882986573593
46.793062025395734,59.10861381707295,17.310041860449125,31.861500610816396,56.00788313001674
47.1821863739822,69.57442126985154,37.86406854659919,47.55409467675668,55.08079368935796
58.312009546436705,76.67314040073384,46.67909426274027,51.22523602864509,74.65826384582077
43.00201814774306,62.58558028527136,29.71972380869844,30.51098415058448,55.72183374767562
43.751909270092135,79.16979157179043,33.6061092641406,47.45241046191516,68.04054549025129
31.949338988503296,45.915829229341284,16.154368913846632,37.69383755960271,34.0853668545414
51.53426177770062,79.13317453132916,28.521073905235866,70.8410568128411,65.67351318152734
45.107635674924516,74.83721492812245,41.96338190041153,50.627949557394125,64.2061922506921
55.26809509392796,93.45931399176901,58.237442532119715,32.38368813943097,70.2437968712965
58.886781752805305,71.55985746101828,41.65646165771431,49.29658999411927,73.26030002230014
45.348813638396294,67.94821003228407,36.707915610225996,48.25844639673362,50.261191497513806
59.39959474943811,67.38073567117334,28.99693239323023,49.876024021200905,65.16627075876092
35.563709321051206,50.24907088601297,22.1568617566518,60.039553797119424,34.952123153696206
58.331681694822336,90.05701170661973,40.45493697512686,42.766071702099474,66.22787939055479
64.40824860602088,89.2770605278789,52.897300445109835,45.2458758453142,71.7963011822669
38.38447727635852,72.28911538798793,35.18745422609999,22.38154707231883,55.930968011742614
40.5677710666454,60.87378797131667,39.754792586355165,49.03865133037845,54.979537937225835
48.016928470899344,68.37729761604763,34.93471146696154,51.96500548991837,57.89551468002281
41.59363757137766,74.63300678600751,46.090258419763714,44.31972514304208,54.340294828988775
60.60362125575999,74.80713118893048,45.65419627791221,62.767398993365234,64.65673544810069
62.87432175173986,85.69151558641809,48.60277471388882,56.795352339986664,73.49364395469416
61.69181022781383,56.590638111926864,56.873192273096144,47.34608718230238,72.97011976200955
54.51067622461595,72.98819986330847,35.44954694959438,60.79142560659751,61.37847895941335
36.88327719722928,60.441839230757765,36.527059381635695,41.81244950155265,51.3073205239511
51.85197786211141,69.37573002461367,43.22076189441375,41.491292239307114,60.2670648456694
55.95449258338567,72.08273432053332,33.836951626317465,32.61896276287605,57.28954434995414
53.474199241699374,74.22360566210828,37.30508480874617,64.93791528544361,57.155801874486194
71.8160532748355,85.0436194709188,59.345993617262266,48.860414211772955,82.3617736617627
57.71379999532509,62.95378294179658,43.33449145663957,52.61222663622887,63.84899368532323
41.584380239745535,72.69167110274896,31.628812035393825,58.13489146115941,60.900426531046676
33.859539197043375,57.124654520481506,35.842661073250696,42.6794102956782,48.220408638618466
37.5504916658074,55.76406551200013,18.840631252494013,43.555223890478146,42.98302168977654
59.098948142983126,83.99018051471458,48.62707567362162,72.6458962328257,77.38074483808236
58.92665081105257,79.81122242326342,47.31484626366951,53.03454469855479,66.23194785304534
30.78086530557401,55.13573004826844,39.976013180302715,56.914383038685145,26.07173893281312
53.663556664913536,81.55020474259595,47.64176330331631,59.556535517527834,63.13064591571636
57.422585528032364,78.96115195735305,45.466816860583094,42.17497577973829,70.00732182422833
47.42079448382112,73.0912100461275,32.03490917491213,53.45910515778316,52.29247631668919
49.9221100353008,70.48242592585578,40.914071724557544,61.458540900844646,61.36666047711869
58.482364500613045,80.5357202589524,37.28974440574348,49.827162345973285,72.7590660530594
45.69296171911227,72.7170157460512,34.424209703488366,48.82658954832915,42.89120518002578
52.565912284785995,71.23448155922256,27.427504365436235,44.14236232407454,53.76737667581314
49.126685098696726,76.20271970330279,30.67679736477518,31.425119347768607,65.55167682892295
42.632995548662706,52.33972452076726,24.17314577347818,44.60721855505245,43.453045934359764
63.37851745804012,87.70931635455848,51.6912188382621,47.666852226880096,72.97951832256805
65.2746717681348,74.74157126491326,56.16026332384755,46.73711235425766,75.53308692648112
57.66532763777301,76.60359756129371,36.402005815272155,47.38812294967905,68.07179337695474
43.78771635167608,73.05047479171128,45.11084962691209,63.7875450893016,65.39621366890674
44.85108684289347,60.66711987457869,19.90252550482297,51.59324451908691,55.08231411981437
37.83434874662686,63.82669138652124,2.374624756531656,64.33375767047194,35.54416925084715
54.71159975961359,68.24335257644819,41.85486009496511,54.603399434585214,62.827548929780214
55.888713596349604,75.95601700852254,39.34161297856601,56.485188529381944,62.04066302719601
38.45627099100758,62.296808378187364,2.7896184918878824,57.02132124521295,40.890168783220425
39.902112401318135,70.81906238718774,36.48986870843636,60.44958305008852,52.26454167699263
53.68034803068243,69.35617739694,44.57556570992034,55.717080160455964,57.0637006958332
49.43011135320671,76.42570483186375,49.43557031663627,67.89803967849316,65.57233401384454
47.84841425229796,73.26420174308083,41.0169513820191,61.15506612940934,57.983550434570766
37.40893967922847,59.43577588097118,31.042879802830534,54.430726754048834,46.55193268905461
54.89731930062231,85.3654213817731,28.217421890401535,43.121932499571486,63.09005931066668
44.07436515963402,66.41628315525315,22.883102798174185,48.097333419879384,53.07495294659828
53.07770278161696,76.01474746344599,42.48004333760931,50.89236971860184,56.43183219253977
31.372601776565233,50.99967475991764,26.984438816004303,43.53061226457335,40.4678293175279
53.91641679237664,65.52916616718272,33.94633940225705,52.445161540642786,62.70062451439683
54.30184017085662,55.92322246353796,45.58563778932479,43.99530304724127,61.70373230313115
34.56246928112458,58.160518669418266,22.353507009777218,48.42332339911685,42.86479254362701
53.09826639285704,83.71523980066218,38.14395413940673,33.4928452986055,72.60136406895222
44.15317260665613,66.58753225395017,34.2981475164262,41.9187499184855,57.82420934881
53.392735509494045,70.63086433818061,33.72343913817493,57.63414805020436,55.64822886583118
40.51085764635172,71.27493012898958,37.28083552663028,53.35743247965389,54.88399184973772
36.01908464137287,65.11124785211459,15.310352091855552,60.10657114801436,44.49564568899653
44.54844860511237,62.03985913967681,26.796150681576123,52.691309991634576,56.9170647265263
34.81947421227152,56.870538281867,34.34565053396557,56.95254520589277,49.00975081128749
51.38778078303343,72.34972661034556,34.33430354603242,49.121906965375324,61.794012101046086
48.82636549730518,75.28967765415493,35.42165078421814,41.87845808395245,63.43657426156949
58.11351873380307,80.58102451164245,45.94596655820696,59.77826889675397,67.46449642654015
43.719290808996014,59.21626691046909,42.27695036359185,36.42502575875677,52.542283262551116
40.946793208883065,65.7678813081275,22.26806110002945,49.43651650917603,53.62657627216554
33.94337406215625,60.55196199527008,22.27873959877495,28.156117220520024,33.29485359065457
53.51423083302427,77.82774646924908,25.094339641325163,70.79707157071675,71.2149239693336
67.0412454496143,73.58977283992766,37.95078726348571,49.9472354097218,72.42634059975865
50.62899548648868,88.06928041014658,44.039357127876414,65.96601160343654,62.92824101939638
47.3218334770352,64.19755583595526,38.12724346754427,53.48170078525989,57.357683301804364
70.32001402788137,84.89350533225928,49.22893025183358,37.942752830444846,84.13738099266479
40.58954632623118,58.25198320218239,45.83531836785362,53.88955443426397,62.392789058233994
54.10210684343616,84.13467008503952,44.11407534948457,46.99060598649073,69.33659335056326
60.17467989770972,73.51190025561624,57.68301169668776,41.442295249211874,62.972060475081356
56.031194949637005,77.80376975422581,33.1658034290018,73.0920924267273,65.30740356029152
46.96959568914908,74.10192699944344,46.59572025057984,50.74581921786677,51.19811284834209
40.77783098933757,55.36590014922522,44.21098847870973,47.10463428381274,43.047464746259685
45.06748749240789,53.00845594604413,19.931428962446788,60.80738008181305,41.09867038914986
54.391184464316325,74.93504314076245,40.47111397492467,30.85278414320275,56.40556527202588
44.962981257852974,69.34212233950538,18.8201999118703,52.31540998062925,45.498227111920926
61.642441232975145,73.06773388952769,47.432784736952144,41.685646421414106,79.33133187394394
45.085366196041676,68.96516959587584,16.988134880364115,56.35930861166031,46.47602240024952
50.757923230901426,76.26360824760528,36.10376459208415,51.055846897781606,65.71194771216844
34.95127789171967,74.85067063197779,12.60368456559657,60.95853232805571,51.54964358610165
38.32283489701676,50.50641280126381,24.231433413161916,45.69909418103475,49.282229567225755
60.22468676457528,71.40491518421213,49.89141887872992,61.84871033723038,75.86403948666236
54.85180855091551,74.27813530984864,45.50643736621863,41.994612902424755,62.45753661107812
44.1163205812456,72.0802014757644,30.60705946317441,53.521099787511574,54.46280914339525
43.19805996969484,72.43757880975934,26.644289789497826,54.17877193706492,48.782874823031115
46.09569314793498,65.31329714835911,18.931993881773373,26.0562630408544,65.97411799472043
40.82805621924906,62.76263171460292,27.31796326149289,52.98140526358626,37.171634353909624
54.84783639179374,76.06876305162889,32.118203773005945,47.839908331828305,54.89452216787512
55.93167278091852,84.8222509028462,45.63977908145732,45.20358258157829,67.82408250753015
51.07366556570662,68.89306789821778,40.332121886014704,44.30697146898202,46.83988423359147
63.21408429687538,87.17006217880791,60.988697933592555,53.64981953664445,76.81056898575218
42.0900286310501,60.08740965761616,30.51135751338422,48.60862427847024,51.445038512398014
62.11510486433778,69.51273028141873,55.8644531574854,46.8069943214542,74.33712815910219
66.10803391257429,94.77079619498198,66.62878442113188,53.742533441994446,86.6580528264187
53.20833977316457,73.43323172633592,40.931976776237114,46.682532192049955,55.805305663471344
48.10354399894085,72.34405832442525,40.28037383532075,68.75629909082436,46.787036042053
52.97663673082573,79.69986802635367,40.059441798127416,43.18099274319402,64.85484794785225
43.75287940867275,72.23691121955801,34.27685353152428,51.72357947358301,59.11589595323423
56.64400692448022,63.455010043152384,39.1476488081486,45.44926439514589,61.69522138226004
47.52600156494236,72.94185692521967,41.676244891101916,46.99187364260065,62.81071505989456
52.86822218652881,67.16066011021817,39.10522643817677,39.49919596587622,60.32984057154889
45.02745164566428,57.30711749117367,46.9427292594571,57.194510628311775,56.57571235391732
57.50342236136206,85.23275420354615,52.40102130342887,37.04921535247728,72.46038001894813
30.201455010065096,53.17124724879456,29.859212682657137,49.3941316361394,29.411541295950514
53.95342015183768,72.8023826530663,36.527118393865834,48.82334341480005,57.783706821467945
38.752461888451705,63.94098660299471,27.44181468547719,48.46281138847845,46.59118319394603
41.095047801521964,80.53327555778117,28.38023404000192,52.96000060098326,53.866279582978976
50.685060143561934,75.26499576488831,29.593211967943425,46.70366422455619,60.80146283560805
63.90017579637304,74.1887085301197,46.912462381201486,31.234461463123697,69.18697808080049
40.941409594836145,56.8672921492775,35.438493469334254,48.00151975644773,45.222052938998125
31.763681923460613,56.476773347525324,8.792528427831776,49.42640122999663,33.012223975491935
40.680285303498685,72.51763631322527,44.755557466534135,53.32659015059542,54.421012611113326
55.591668241007476,69.40885737108508,24.07417026217086,46.3429192820766,55.21856500723579
54.87707351907847,71.74567051801343,36.154514172275924,55.046112568735886,64.75530614359504
60.65928033303156,66.99000787753388,43.865839641190675,45.135523979480375,66.13897784684522
42.39092360616451,71.50211593610499,46.23430500869123,50.347730850694454,55.867303078654864
46.24676516279592,64.52498955571008,16.744332865127735,70.62953178546903,48.77723275599936
51.189174327287255,75.7589285307441,35.29661163150382,36.89649429689353,58.45679211906189
49.84110535143626,54.930412959744494,29.49528453222007,55.74442602133913,57.56555745167515
45.237972610048466,71.27233139483278,28.702771413181182,62.327682375390836,44.806092921772716
57.21960025078292,71.09740074758265,27.701291890296922,59.239810487522334,54.97858776247053
70.16879932743167,75.11979953611271,52.26911178382023,51.08571086760824,74.05131927890105
50.248449459430006,62.95653715868247,35.96218066298014,57.82996704218438,65.60328595571899
48.06221800506669,77.85880814605534,42.81646372252964,45.81365878094317,62.58004663539787
58.77607149123105,72.1107305496077,58.4207024335252,47.35586458637073,78.36746359719669
44.31177538682085,78.79763121742428,23.265451323243457,29.29152831730398,61.69857188149171
52.142515134233086,67.101248245091,43.842165436844965,57.50778630222934,59.94837385521171
43.71127754110705,63.086743965752234,36.79152813427824,56.6571615000372,52.55388696762623
53.615860908317266,61.1293424100499,42.886265688264956,51.8623286590653,57.8773678428467
51.320430141134786,74.3053457941268,34.553912702884055,42.43220115684221,66.08017929604736
32.392878077879985,60.067306016978975,25.42346530794858,43.829103343117026,44.81223666812076
36.73448561074858,63.75656041026412,21.97983865450993,53.533864617167986,49.628716034879176
57.643205568975844,77.88791138201096,37.343894229213944,63.205592101311595,62.89852905547464
39.77762581738156,64.36504446750844,29.253146768987982,46.92038084907596,49.096348794914256
49.78951361081831,66.26384158711224,44.00663754840512,29.99815456976374,61.72370621096007
85.0675039389631,93.51128691789994,62.83461179151482,59.240722578894086,91.76334147009376
53.70228392015218,71.85264475142371,29.034713233395546,28.406762712248266,64.8438951105675
61.480551096058235,80.78250900833761,47.00327995437183,55.83112109292149,64.87392827750796
56.671614705800046,74.20767161868052,44.865997334142875,53.912102028058456,54.66668413734129
45.79748982244795,59.05586890494486,36.76331148723345,29.070353210037684,54.08795541912841
53.605935177277104,73.80288470194992,33.8634761745046,52.55924325374026,61.240855872491295
36.205646882468045,48.55920760366746,46.3441024648766,27.929191615364854,49.892335591618135
41.50473365356663,59.867161351747065,46.51098217916195,63.673313571313585,52.576490036927225
48.22104507726928,74.62190488802923,24.501495201060266,52.437745640524604,61.4139977126029
64.47367961424901,77.62716103705094,38.34365538024527,45.155544435418946,78.24997558702417
30.984074944527173,68.62813947224114,6.1495756847396414,40.96553579963354,36.70722010149114
51.160633601231645,64.63879401400439,45.124728323273594,37.91713425178003,61.70805345845443
35.938341689467514,60.25517137271067,31.54164951236753,62.600602115607046,48.02048832606638
44.18260505576228,61.552668701502206,32.67793186742339,49.43116624365278,50.89312305205278
53.71910013499978,71.30394030123222,37.881226480651094,42.48934554866208,64.39840822979315
67.82980754300166,83.75082329849776,41.23614740939258,73.56708902948562,70.55965893359036
56.9499891171258,76.774356910983,45.27062065480186,64.99781186208881,71.94674887139878
41.84258155869156,57.61088631935998,21.45196528823798,49.26833200636242,47.69820904738277
43.35270769763873,50.20004585938258,51.24143621947297,42.90051213542484,63.17477274387288
62.87695921127035,73.3174665313654,57.09990628084867,48.431761993198265,72.84882135920479
53.58345951450614,64.8251565934659,53.045287875724334,49.89426724892381,63.49306237508804
51.67997505494875,75.17527796503197,51.403881288942806,36.95945408633993,65.17865443498444
43.751760228228974,68.65544192934043,34.28124713417,57.078185462959084,59.87320761886195
48.240962807997526,71.38412029195626,37.86214931569322,46.929900924114385,62.29808368538488
40.50810743026654,65.7031824916331,24.68144640065872,52.00646394383185,52.64039126612103
50.53058309054005,64.81457753073275,30.877473264311732,53.302160572448976,59.11398377319319
50.37210941849771,68.41687328148147,41.42751085546175,46.14051211354663,61.91647203892283
53.993463909688344,59.15827017480778,42.226187603083396,56.19973378534775,61.55160818945856
55.86075843641959,69.21953350714813,40.50804035696709,42.18396833436241,66.29806992247038
46.43425112975408,69.93511969933407,27.4795587673835,43.5971032150529,55.96480108879145
52.707068790740315,67.47528513516785,36.32668694064273,37.97329194159762,61.441667443431456
57.72861826393422,68.23958887007888,53.20098888415187,54.719129721099094,65.65814377897816
52.056464208236484,69.73433116939069,34.47449979828069,46.134076804288846,52.30721412682456
45.87417357649669,74.75204672798785,35.57932493651805,64.67231172115036,57.18944390065483
83.87600794558449,89.45786476243282,74.92759724302513,30.72471944735172,96.71556945401775
52.91771726579637,79.22299859435628,38.83606380291891,52.9880344526985,67.2864268615642
41.92875134998039,66.50742849934784,21.75229848704751,65.64800158146925,53.40585417026835
59.58329824286209,80.58167944149595,47.892730308437976,60.4661870888506,78.61592769406037
45.131782530142154,82.96942117653813,45.280955211645136,53.2191263203181,59.512163541937305
54.28546004382598,82.75295466931729,33.057290704678465,69.66990035131037,79.2861876068673
63.85786051996811,79.10570824517472,49.91043613960399,48.608131156547856,75.29042779430566
45.5534797988063,67.50790319328847,31.560821271061688,63.01059747322611,59.50540569419152
58.00995545837285,74.37748738457888,40.83422541252838,49.59820158885318,57.07686248236839
45.28406014557015,75.13543165870243,29.528788250404098,47.90469624224082,57.50900073988887
52.36936081515667,61.688760164171576,39.196135422647565,65.34390971033437,51.71260320868463
56.753707637427524,71.20727315207833,44.78017033007915,45.89956639015436,68.05495965615857
45.18672129374464,67.8127549685129,31.67321637093217,44.72860038555297,54.70768595721941
35.95848652085659,54.30138001472447,40.72643619466227,63.091944948264235,38.53101844349041
52.02104859606222,69.18371111990432,36.67572369640051,44.0770654446216,67.62220592672216
50.50789939827616,70.91244269715914,43.27662482648924,51.84644440008683,64.9033859408187
34.999945393202516,51.78288006976505,3.626318008431852,48.67762416398635,35.5642468111433
63.816274775209024,73.29891117087253,53.557336178264705,52.60976926377659,63.801756371835104
48.85532897013116,71.35927985813842,37.82058724037572,34.11921515176135,64.92641788373612
46.777497159402444,84.53245953126756,40.52648840605843,24.660343387662426,66.36267549371361
39.30606954112106,52.650894248838696,31.197119048960356,40.3024562261702,45.788976610808504
46.667687156121886,59.24729864116293,40.80388784812591,53.444039856394156,44.60901465881962
49.236698655932514,80.40309379277335,49.63033291706998,50.10011302068374,63.11576306331827
58.711188761083875,72.81895116862302,32.67704361250239,60.12790374956122,66.12180594738057
56.18383368894441,75.11587544301833,47.07807395798561,46.08915215929753,53.7383795105874
42.5866760332514,73.11726513458184,36.38860831097618,60.25469440332212,56.992058229869805
31.125577748974386,47.58175876276896,17.50345496387143,47.70674593239748,38.53853617338763
52.767474379694015,81.38134483426941,53.09105061927079,63.529985320304114,66.93569379091586
46.59992270736416,74.83831522875172,34.74555374343544,26.27051634398898,53.96367361338575
67.0711073483787,73.84505984306742,42.751123468590606,51.97845560723861,73.74072776527377
40.93032870637542,55.8763896348959,28.57136312086637,47.40028771019509,39.50585088808174
53.52908438601675,68.19690120081292,35.383731449235725,53.17425217584846,61.63638582031046
65.50875785209651,77.66408518449909,55.542472299102926,46.67055654274905,66.9150947678622
50.19836412565037,63.86515358809056,30.522161461789594,50.95641090886594,56.74213159778019
21.140748860053403,44.12285702126131,22.557939864694102,32.76396635786248,30.896220471926465
43.93334203278906,63.884922132740726,34.500665255294514,55.49846516963954,53.61248023628887
32.783238117352056,65.47791548618464,37.32722312396762,49.77380932558053,43.71906647851495
45.95350775823996,63.48664577911737,41.28989477674209,65.95441430084034,48.430565663358905
49.494146634043894,64.78950339542997,34.66852232207493,34.69076088191582,54.66614933905849
33.122860421652646,59.85130047393504,15.874470173518148,49.90563376499115,34.860766675118754
46.67851408204705,75.19624645445322,38.608216844977385,47.77196033612417,54.191539332370425
46.28081465097515,72.8018436345808,40.28410269777198,68.11022142831996,65.49836930270517
49.84585097418661,54.87268426206463,37.35529287550231,62.363123691184924,56.786221378198626
54.612175612866544,71.18687970228441,36.35958556537783,63.17938994165009,60.16236882075214
49.27603525057408,62.522850031586444,43.27821414433565,50.564957728715,50.76619518144183
45.387481515454816,64.12168424571868,42.5605152354755,54.77968583461596,46.758411908467494
51.48049640625891,76.42503798936687,15.546313025883421,58.68187306526737,49.885295480763666
32.63890659564228,60.46336304463524,24.813031241530485,63.009991861382716,38.44209295655283
66.62842601047313,79.88791197623846,47.947658578677554,56.13419249905499,76.54899031629856
64.45785599380588,92.60287870820957,65.36533947678184,45.168995938602926,84.45678499018572
50.91562571404918,77.12040437562985,46.50146018070181,42.86641399218566,56.79336827473084
55.98388907245426,68.76987662053946,50.5619554138796,62.47616817323981,64.02349419613245
45.517986744037515,57.30345715359789,24.284707744073984,53.87616991264959,56.45593125634775
60.74884589222174,89.12666338739231,46.795755552961396,41.25773757635325,71.40149487405276
51.50007959159902,72.20974686905599,37.60209556682199,49.55162418869822,64.07378368814005
65.84971901417563,75.95272286521806,43.33482002029375,56.67835778449626,69.44533444066934
46.81458054998684,71.60044028947743,45.14097192652995,67.87153635426917,72.66666836498082
65.35991663244089,93.80801290858074,44.71662913578058,60.309343952002344,75.2274788474311
56.24915941925922,79.41016923486526,22.568929217082538,53.32008529152666,67.92089864660022
36.509447995514314,63.5468494607268,31.183494418393984,54.28519061814324,38.83933704191293
34.378475366999176,57.82751689709136,19.261333872335797,59.74132230017796,36.95453719223561
59.72034040426122,75.56141953966193,41.34487145651787,42.89460136699703,68.94186110267448
44.004594481792736,67.6357919473148,28.396926134368663,53.09187326328758,55.41028331912021
40.90333097077263,62.73041914196533,19.272264564131646,38.44458851898126,51.89106429033927
45.592596462335365,72.74757029860837,35.197199371668674,54.38078465832843,55.151438575927955
48.591833236261756,76.11451725485526,16.89451928051805,56.39338147324683,62.32266202326031
42.21563911841028,60.40200921478311,42.584277025607754,42.65557982568852,54.26338161389369
50.31266075972833,81.04376279187136,42.346407574230525,59.0533542322392,63.83698869686879
55.69370286688117,67.61220350249785,55.618438367916866,43.42321075699503,65.22264836499049
52.9786116561545,73.31285332053761,31.769383703644362,58.96352948400632,61.87515105535612
45.68609097125288,71.86512802217595,31.962817767493004,53.848722559211936,52.92027079202266
62.14663520977165,72.62546436095369,45.0732589795171,48.05058039625199,58.85053632982512
50.41758054028388,60.84288157614451,46.72682703303227,59.492816730723206,56.068312363872735
71.90053192670663,87.75934145161534,36.27205033118858,37.28051482024931,74.51717339961188
42.2530844937741,56.691488221095256,38.34653650659948,56.798500939010864,48.89977571789849
39.579201960864154,57.980848550534304,24.831269855746115,46.80752065529624,37.96899855553579
31.90415611271786,46.85904882059302,18.252369455567283,39.0727883931374,29.049127945052412
52.60035538541916,74.64441387869809,42.678544663924704,49.606884838773105,56.168768440733416
69.19242153007563,80.27277012042957,44.98425792422931,60.480417698818755,60.09688954778527
65.50171321628824,78.38317524913944,61.76046605735025,58.63758154258344,76.62852442782619
38.387714065713254,57.786566188581155,27.34579392600422,67.51485068791487,49.511865555217064
77.48696974482623,90.85667520139197,51.98322751103928,52.7884884632121,81.57243090020775
34.06470618587665,54.15785107854015,29.635708295870376,58.47711318136937,38.341942392516785
36.810292828540454,66.54226064680473,25.92010839751796,29.5513126582382,44.86907669610076
52.05780338030534,70.43860219721401,33.47977188952585,36.43515386760429,64.58208732326709
50.68370867075391,69.81549848335928,46.58204719946667,60.273910111289645,56.51824365850049
44.99290057621023,75.83457495271662,18.914584019544456,39.49526638358937,56.17178439793325
46.55195355479224,62.08487137095691,47.1412558014611,53.69318246492634,54.77120805372076
50.587439750063595,64.86706315818604,45.90199950936048,51.92234852969029,62.40689533592141
57.58063262916304,83.46185842315252,35.929580515205345,40.90912897758204,76.70790013992546
61.04897145978258,84.5347844893116,40.86993816839817,55.47682387075229,67.02730840171029
55.41686787048486,71.63891793677404,48.17740570203046,65.35855874759567,65.47626667510485
49.69804304194862,64.61667082110283,38.46263572681355,41.67696866768571,54.40402637696734
38.254961698077786,60.56756590978144,23.72482689310642,54.6567551305183,48.592279878076006
57.26041144630994,85.40097127633274,43.97937367573977,41.94791608408069,63.66321543600476
47.52740303786801,70.10413263937063,29.67075918793123,43.69702913944223,62.760084171933215
52.494417152214275,77.3115991447606,40.39208699613306,58.89176057405093,64.02996306141962
45.886457771547825,70.75722368128957,41.08787143951089,54.81897720358032,52.53126641612397
57.852309013122856,69.28236108262031,31.404339097439653,64.37368093258172,59.879866514660506
51.9611589570401,77.53016933662707,20.08616732144481,45.652325801230035,59.130538762643084
57.82836639153632,63.71638418291589,22.900154947199763,55.249890158133994,48.76536306253331
60.31507564755822,77.07724680572332,36.781400818568756,43.95091297974294,73.28161041145754
40.8870464049174,61.0794252700593,36.16655971066369,43.064536502400266,57.21257842134396
58.90980425585915,74.38122203501794,44.37332505870362,38.29562081753707,69.43358087124247
52.225232930054105,83.38449185404545,28.57731992953255,40.70580588095635,64.78600150128548
56.82091811172381,61.99638234693888,41.01518238277039,50.6434520636957,58.66495290689769
55.33204933524958,66.7173039871298,44.73756378240606,61.92434995324582,66.59738249400324
60.336838663466864,79.05934132873111,44.196632921153615,41.30206225650238,63.883941061377094
50.01698940158306,80.54300245659508,33.88361696957683,47.92994813334529,61.15184200551887
56.00917546261088,78.95393064253136,35.00772257980304,81.8699156885376,67.48370026919042
49.03120355635594,67.68815054632556,49.30110703701631,76.89662373723371,59.79456227720078
50.17314266973556,65.50388539229448,30.779200476001208,49.33512345092365,52.1861184142259
37.079048536084905,61.02304985288919,33.94414709570884,53.52443173090882,49.40561944075682
54.81546688537082,74.39724459578622,38.65947774863139,64.27685416240337,62.75742609013619
45.81217738745042,67.20068595198673,22.266163941325665,67.35275741189767,53.922469886672246
61.69579033737939,89.7502152148133,46.86403456590477,71.06045717861058,76.4367009715581
52.567096983625696,77.32147634858124,37.173551925808695,45.98703098018233,65.19186237175204
69.02045536106945,79.25434418766093,57.64090736575827,51.921436742406705,87.73078655533944
42.22091447884087,65.10526160383446,39.61238730918457,60.93552308699113,58.387453301350256
16.66305695968189,43.181133402699395,23.429672707428956,61.15342652395742,30.14530333449866
47.681091756985126,78.5540992251334,34.63174453918395,54.349522482422984,57.691023307367686
49.98630780807839,61.04029071754741,51.005914557305616,51.82717307694502,54.78436477042371
53.35637616804815,62.877757495454745,43.92461087358574,39.895417319262165,61.50080953740203
56.51831307366126,66.93802595667701,43.24555867360939,48.643775633256475,57.49307519046081
46.588372653259476,73.47662953893055,42.00173988790506,41.78955156969253,61.281597560295715
31.96263620440006,53.516801979608246,4.820365841220191,46.03736413628216,38.13091229462456
50.817134049261576,68.25346829556122,45.8242077150383,66.96310180654066,60.54526510111804
55.082177740931485,67.68916242061367,35.290117509825066,43.08640396865812,63.344038699214714
45.901540356456735,65.5175957990987,40.35996833641804,37.693436418559116,64.95079712639657
50.57906032134884,64.63554052098254,36.08338269550382,53.59209069742436,57.03046298910952
38.005510480820234,51.195617039697794,37.5009547310973,53.512975572263485,35.88891951263842
48.9451083253827,77.65727343061587,31.384671933259064,50.8747562385465,48.84487590614172
30.960767846490572,49.13154060476469,26.566477853524702,58.61677156006928,35.8575019551125
46.37479862589804,73.52866034331521,31.61352057254069,51.124476914424186,56.29220798647729
38.645417801116665,68.39741198615637,17.840250076249852,51.54748857717296,44.37740845071633
45.73859215023071,71.91554253982508,29.188510772061143,50.52021594806539,57.41039346561364
35.64397903943845,49.89608471107847,20.945357359517402,72.62086186220328,33.91972220653199
60.25506547438985,77.19344870544379,44.627597435154215,51.73117400184889,63.27408880946636
59.10868690849283,79.49454103863263,45.65937770453781,51.23751340623851,73.50153239497988
51.55376547896073,72.99142877364937,46.377357348619185,61.40019438735672,65.53515333790847
54.976004455181844,69.4460274776058,29.844757774549777,46.23464480958378,54.007735099265496
50.51992499693276,72.38898848961675,32.237195336728874,40.09752226352223,66.82222125420624
57.570252349551794,67.68945127448467,34.262345219174065,52.012100005041674,59.37534696062847
44.33236201936134,56.48604932625261,44.73655552388312,58.35466636272044,54.71732815699886
51.659505894929396,83.45250348681927,40.39429722092548,48.53594878797997,66.96073041512429
57.5084485101759,86.6845107892574,42.85348294594887,45.40281310691604,70.67929476727303
52.182024632439344,66.31551879156532,33.83825724435112,26.27064088508686,57.575893242655994
39.57702018923512,61.42511168408612,17.4497326465303,56.986135137678595,53.266979853789465
56.44062747005869,83.45663073141529,31.75775639555944,58.20195329014524,74.00660474342439
48.85932422413627,74.0841628040368,14.006582688443075,50.75210226128125,53.440581744836905
57.09560464917617,77.56141403707625,38.676982808561206,48.456089888301804,67.96529316142869
57.65933344953101,85.92394556770691,26.90886134168839,55.951573617073194,57.416343075207074
62.992039361721396,69.38751290082797,52.807417063599324,61.95683613273655,63.12573038750631
52.461460017521766,64.24011643516639,44.32732602031931,47.57394814276869,56.45541972471874
49.41798004529332,65.72138891430372,52.89203036817561,59.02842624282418,62.69406730695173
42.96260925445563,66.89182733198473,35.10043250966137,56.939402839637225,55.76927656570377
46.910791046422446,66.40328148360852,40.15810309526918,51.166133893693704,59.5981215359431
46.93564657899602,69.72281466959475,23.414005390184144,40.42409602076644,59.6301755312391
62.83602232070919,75.39693392286989,46.307422381725836,39.496430056166815,72.22476521614229
54.755407455454986,62.83911097852883,41.794479360331835,44.68414825961007,57.46609639692639
33.24569413650636,62.176004348869,25.668608496050176,35.76050942476333,44.50884468241274
31.29292057524213,49.40822748519092,15.44971710620302,52.67079269671399,41.83342454795568
50.594623046065976,74.8183307997316,32.18955475205311,45.42330049178902,69.68859519479966
49.01224997693764,65.00521583661369,38.08489115985053,59.987976848266044,50.138758008440604
48.68735786940273,66.81848473573962,39.256911172803115,43.032320282707175,59.40291724052335
50.115503106054405,81.43511930857841,40.171075846430455,65.75623827224248,55.61716163573564
50.030229395284074,69.47549710061074,40.26205107185471,50.177877261224765,65.00613756863254
50.70807192754486,80.07821581926042,43.32171973277824,61.651949056277395,68.88776699391019
39.09921091501004,62.83355101174235,24.895935240419327,47.239930703269614,55.098878147157436
64.83321130497558,79.70564006665913,38.0861052439342,41.41272983822142,75.76462744885004
37.94198430977235,63.25737761676317,36.848334992089335,52.56282524812514,35.90915639591619
53.98052101640159,56.3242076913507,30.51242343632491,57.300061633142974,60.0050345554965
55.549293924001056,74.3924316421359,56.32646677565463,36.06453293561333,62.068177403778556
41.93172957932042,74.89222347080847,31.802120764494877,62.10232807525768,50.683762136557995
41.29499003853954,56.684334563909864,34.863026045840186,45.95416388988958,49.933707367635634
37.413808674288234,63.25787426038599,36.00833891242392,47.93193503016408,40.82855210020979
62.65836665926359,82.67662053291235,38.39628727294145,34.80620332133824,68.07911202917545
45.190776619121905,58.46163708654116,28.65826966400687,58.3618519680299,56.56853841256086
40.10669425390427,56.02912195493552,32.67100549010665,56.71848763616163,46.94687438077369
28.848828840715154,58.01258825108668,15.955679666509253,34.12127078655019,40.09729283887548
35.49158233754835,55.02761982788066,25.36084033234386,22.9819584986606,42.66734852591383
53.31781019298513,74.83182580098398,55.552225333550766,47.70399317935935,57.250379834683706
57.31698595978004,88.48016169980589,48.9653990712114,34.92370208985048,69.85820355306458
45.22177949562666,74.20963146773664,23.456112152393302,42.990482238808355,46.01871106415982
51.75424717078533,66.76524147120335,40.89433380442101,71.79715782224348,58.2214289235964
61.953655206310785,77.5237931246836,39.52510080920722,46.83876524063182,69.16839570774859
61.036912983269005,76.57310000194457,43.77361252119353,52.210893926266614,79.14838175730866
52.5062230575423,75.14875067201336,41.16750871859275,41.62227689093736,58.32163136257405
27.173700415854995,58.227785678358615,11.272404305524429,54.97054214347103,33.15006680148128
39.588809579726714,61.63417392875181,28.334402504100243,61.17570988658814,58.1783973639984
48.49220341149484,66.54977062302693,41.49126651694435,55.64115602650355,57.64862244418233
54.41197645405678,69.92154568884533,48.97771993322159,39.289745280328965,63.89697947950993
37.206109350953795,63.65669055845775,8.092142300961154,68.33923698732276,41.76230965206454
62.02816599748087,74.27072065258011,44.760787742246436,41.113254392880016,65.57022280243031
58.72674286592501,88.7803219831462,62.30031952213224,34.18469843557905,68.72668283254579
42.070375017027736,66.53700937008385,39.25861994638458,55.358766896673224,47.98792983756379
51.56050616118347,76.46800750667683,39.340816694416276,53.63216053111023,67.21528559732708
58.81132107963797,79.63761337962939,36.43121406095471,52.25696241691824,64.5414892676003
41.57105509106418,69.8341250545436,32.65063597905143,45.558774507330924,56.33151810203013
62.009118012543496,81.56213406615686,37.92876710073729,57.849317696237996,72.42968203856911
60.57702337509487,79.32595250974575,47.52796859917526,35.295655050185516,73.84847924078429
74.18056549772069,85.10775772076619,57.70039148262627,38.43251770011058,86.52865379956644
52.498314015568326,60.01946855684264,38.06173518830115,62.66530586865542,62.2991309367845
62.303193896030315,83.37071331921621,51.55658662207617,37.20135111079761,74.59863376936397
53.744260215644736,61.66915551244358,40.49553820040396,46.70779691663561,59.32108640667805
49.94839615608532,59.408302160602716,31.37697514041185,48.36204053376989,66.67656485405296
38.62849866540952,60.55933513018944,27.109449835029967,43.35717095311339,53.04333914899517
43.95839298705286,73.50618441352722,30.52337871021247,49.537347518029684,50.265935756449466
65.76839766417196,84.13209375802876,27.24835649672501,58.16877993455809,72.06915946095519
41.816095740638175,59.91249255851553,40.52145341415268,53.35507645534643,60.866039510013465
47.7789218443603,81.87363641596176,23.90913417977282,57.09697667433417,65.58785694464827
62.87005083090483,78.19914026871939,51.0105563209756,26.73891822832683,71.81991194783592
47.06338528331482,62.79750046660671,26.373162530056263,49.67899517439163,55.06969646820871
62.010327747988846,66.39506401210367,65.4782537368659,67.67568636590504,72.3290382324646
55.98655877725425,72.41252800452995,47.45884272344586,47.461194110366336,71.28177514125676
48.42723178299311,74.16723273655961,41.199278709543314,44.14385592341216,60.336017680820376
51.06939851909529,66.1139655373953,46.600901683298304,57.06916761402509,67.53291988319725
43.315576839242,71.9510417043514,43.106301464823346,42.0381764025386,53.64756027917471
45.24196017318054,62.124006664168064,30.922427636977964,55.37037075077767,49.05685712030315
21.192421749586053,51.20263276554439,15.878997825321054,56.33152671055646,23.904909265833012
50.409140420898254,74.29225984666209,35.857072991695965,37.434423855419155,55.4538893195414
45.967939937950405,62.272589945667406,43.02276144337158,47.735112076801116,53.1452302722904
50.63388044797563,79.27293242857928,37.7394180768578,43.05834959724508,62.81331901193632
48.64255245783323,66.06334857975423,40.04263464461904,43.32795565249947,56.990063925629116
53.40946075381472,77.96660997679822,21.160204536613445,61.424787939808866,57.862248496472205
42.344854705292676,62.72068084119919,17.86422225525633,49.828058461349826,45.54137765080114
55.46874987723213,69.31345131298119,39.12539290583528,70.82373373142462,58.391601328822766
52.85253287926317,69.03547373919727,31.537345765831237,43.4648063670519,67.61582586504885
59.36532795970787,68.6502956416057,52.726824183357564,71.21086874140495,73.42100518037978
46.64567968866549,61.066097857782225,34.55532587318452,49.67378335860661,54.90020750842573
31.14087887906964,57.67921328231721,25.42827051313445,54.931078939775986,44.79228495940604
39.84795804750888,58.23500329693857,27.875203897891964,58.47723506328268,52.0405394334564
43.580774676153254,78.90822323336319,41.26243888266927,50.59897990356206,61.31568216206401
42.20394367289587,57.370242666281136,25.8959238375395,69.50813713907058,45.815475162593465
78.09111734270829,92.97186311521901,54.131061312395815,45.032033127115504,77.32360398218917
63.33869942639899,73.34712364740182,53.476897990779555,42.52552830077114,62.10324266178782
44.677621562163885,64.91428157938908,40.53785752672029,55.6873617654887,55.564722022999426
47.27963347178733,80.42818693857411,32.4521808378848,44.604620305103104,52.851920392457494
44.931013891626776,57.205248462882665,22.755267233355056,22.760656958347173,52.19075434943467
45.71292115671058,71.35477193732692,35.55237923515541,58.42242904088981,56.78443874925878
40.34711604229149,55.85345937374038,38.5174158571705,43.207317161966714,51.76498007420943
43.23801032462606,63.57863598196525,41.38388711188976,51.34377682060516,52.336573606999885
57.660331991770825,78.33322869803986,35.46783701661961,47.64528577975156,62.50152995517435
55.10762540612597,71.95504946498409,53.53018626349301,45.92402755003358,63.36058998892752
44.21810491625583,57.58644716740854,18.44663555780813,39.045568190683625,53.222013046559944
40.533940195453894,62.645057792805034,26.189744973017543,47.20486101969145,44.942966232653504
63.67849130254117,70.42744994030733,42.96846149220266,60.2300157697115,68.54249455180208
46.319178339940684,69.85998392145689,17.905969840594626,29.53149582246741,52.44658299252387
58.36992971734787,79.73233885549664,36.005701844373895,44.31983051835189,66.75184345721703
61.91528785811363,80.29668305262396,30.828381751344175,67.40493625978938,69.55461591766172
49.76952514489754,70.83290858531238,56.70768080252434,58.76659155248335,57.03416331120372
45.15258952889828,76.14035496216204,29.878848359640855,46.40965619527817,52.00187631295294
41.42407101043484,75.75142144202516,29.033757939840488,55.80586697296769,50.89363244141152
50.33688345773094,73.42646731171433,20.17713891738874,55.54316946518388,62.509016761451086
42.257627444960804,65.1246741337255,35.76832197739519,38.81594856802944,57.03203082654102
38.522568870394544,64.70738159246984,14.102811254169715,33.81445005514918,39.77872011983648
50.433441808152274,67.50181513688239,27.276182522053467,53.07035268306716,58.155304502875
43.752883136921184,50.95149788910295,42.76740234019115,44.47440393367481,49.88103268387628
51.91520795065422,66.87754335702556,35.929690170737345,65.92895685225365,56.21384371820048
38.09367173999364,47.58485383586376,23.167354114988896,46.69862810248647,38.68981781869247
45.130041879528825,61.20590927625108,31.03668122306588,50.60526545259062,47.0521921279145
52.419158110459456,73.5921037511848,32.50344205918525,61.13116742538612,68.16307614283603
46.29186752731842,53.55074623288838,41.526240583407215,40.04480597106772,61.32729513383585
59.08506785669962,72.47159121295512,40.10124522403402,35.1392456597748,64.84602429200581
42.47063772659871,73.04326974252167,25.982225974671145,55.50770227903972,40.63057816160447
38.30700038942223,70.50907871977249,15.437087953349028,56.058913760436454,48.09255661315811
56.413899283469405,87.52822135399066,47.886019120953506,32.41014966268823,75.15528082532828
38.70203700119627,73.86233836054572,39.4549677997759,37.50150598905776,58.558180498759015
31.62865899299258,54.86172152833951,33.6920512860119,47.209066403962005,46.17265798946871
50.44025610676878,69.36980483184936,48.73336974970789,40.208330711490106,63.73593780761223
57.18239128862388,76.71901478922013,40.64414918528455,43.156686219729096,66.52569711227558
33.49123381860139,64.34406536380396,16.44782480500792,46.53671372447203,36.39753784864048
35.00154275260792,67.86351873815394,20.066232130380925,48.93279572237833,51.438501303468286
65.35697020348736,77.18284095833002,51.358036314742066,67.85459309685868,70.03904062190682
64.10256569736869,84.13963660460703,45.65146119226614,54.521692990214014,69.71443764128422
59.91682965958778,76.83823244200846,49.05379449738617,57.96073196514564,68.65105423053046
50.288652535980496,72.61310483032422,35.499964376614265,57.77266583262293,56.27405109634551
30.528298568502905,54.4927815299383,20.197409591630436,62.805766853224796,35.431300510525695
51.02042208835236,76.77788802587035,39.485398245640326,34.64763358895724,66.39590988080128
58.960218476473834,56.65111153149098,41.35437257048371,48.33066091754222,64.22395130253473
52.07928569207611,76.75171629752835,40.47196214313364,58.2206557907449,58.415313005912516
37.773258742932775,51.81016959145899,31.64290100124481,50.291988691304304,37.97017540333994
60.4283693500298,80.99727970822535,41.473127715275396,35.99457457302374,69.33307166729242
44.24494910999462,65.12092718034205,29.60287507431991,43.4366182975917,47.78776541793258
33.47894906562044,60.292163221418654,24.53616324695874,43.903112427888594,35.555160398667496
39.698729216165546,59.172688115578836,28.719164190234586,48.69374419654572,50.95279949457029
74.4896468465507,84.20359334827062,45.46489563970564,65.35639571129502,80.19602511396057
54.14102148537304,74.21334338104944,37.08950003597055,58.35866322925173,65.42295047371545
44.706745067491845,74.50691886453532,42.46895763182439,34.58555707558958,53.687840652312175
58.942567617172614,86.38491420107333,54.61713772032717,57.11420139479099,59.3105776870684
37.06556628146559,57.694221110252414,18.835239128967956,33.33678094054993,44.77517612674613
43.012402209198925,68.85478343513913,25.743174521999343,48.73026562757619,51.70479900731535
33.95309273205656,58.13758582236328,29.7102805140051,22.620063932328765,39.69810160094979
54.50614223346072,61.818477196614495,40.96182939203421,52.063878902568845,59.80442553293188
67.28338018954605,78.57828404391725,49.969692501514764,40.81871096112427,80.72643459405984
45.316430284497486,73.26303627370942,40.27465852127613,64.32851493043796,50.545492602947135
51.876833814363906,71.93997803391655,34.855819599430085,56.39630637873887,58.130802123874204
54.61802486664504,77.15195171140937,32.825027698079836,59.126853042759436,59.30905886987567
56.21200697511672,79.59951165938276,47.43315435751833,27.596310983091744,68.70484891049271
55.2164856241095,66.57016794001879,39.433177783910146,31.335792046371132,72.2549868112865
47.17565292288158,67.32124422947159,45.313090535149335,50.925514850537205,56.703785392631396
58.03232519053814,66.03352009886561,50.53006925360422,56.272337047821836,65.47792029724107
55.510492310350024,72.71446385906722,42.52365170364628,42.17696559840118,63.76381077402983
24.577878793064944,50.07311710062865,11.630805081602734,40.24224990904051,30.969574887542763
41.44726489288345,59.462572137028594,32.85410285036387,38.505272041172574,49.124872779930186
50.692294089266085,64.02606861946903,52.471277390235706,46.37347861949633,53.83142130090462
49.84713676187175,66.16645163784378,39.3457171267073,58.67721573807035,58.24024604453316
26.416572437571798,62.33283168157229,22.079706971580286,52.5841028786585,46.60705021431036
52.377982131882355,65.10558975002334,27.770063526534614,65.79660512270013,56.74031334977578
55.232528838479766,72.7821318301518,47.63308399369258,45.05514446180363,62.41157063597564
37.87267505296223,62.923226248849026,32.45729284119419,67.05546799292169,50.80631380955975
39.643416975072974,50.84331358845483,36.62135146505016,42.61921288727842,48.53576812399347
53.538849094573685,75.50558012011854,37.40969387705193,53.62284380304552,54.83148482405108
46.16610316470152,67.13795477783032,45.14484091652145,52.68850666707403,58.50435716524174
31.563801813630924,60.606811251390724,23.210190812531934,43.76738893135996,41.73478331517805
53.262651557630015,80.01886318892548,41.34949493469842,43.525020445144875,61.87857946201328
50.410438946226144,65.50399715871465,31.32805404226969,57.13415640162148,49.57150021211042
41.8823195017344,48.90021479671866,43.54020248641464,49.37839034438151,48.76577375002283
62.50017971481267,81.44107003647994,42.173179194362916,51.95400844708488,67.50554785342328
57.391766259323155,75.35140469340797,42.133861024232985,58.5890811789392,65.46515696939413
41.4174040079044,60.25528139342309,19.881423308992407,21.734624812471054,49.03268203506315
55.391135233967105,76.00754405702406,52.82258729165344,47.56982729386106,66.53280474544395
52.298288167701045,80.40004377614059,38.66492836227246,58.45979075977871,72.86510744817559
58.57001752698708,78.80320870265378,51.12156497433053,64.50208277821584,72.21404519502254
51.89515702821339,68.61481616270055,59.44875939121246,53.504184916314,54.43931528650203
26.592357323127263,45.48608270515092,35.62835133510504,59.30237943109567,34.08690688095447
51.72223144824165,77.18644555290821,40.565905575207914,52.39556882801535,55.36717812640893
40.30447230249551,52.39034790320595,28.927624751293422,66.54330205063022,50.71143640651752
64.47857278390694,84.72000706651751,53.75279513016344,38.64664480053657,69.68678566874259
35.52174055922802,52.075304133351636,20.34895685364962,63.60537437124432,50.888568440116
42.671175643983695,72.61061888235125,35.70573186055653,39.76324391886474,52.881740398949326
49.49106475042718,67.86567839702613,31.537053170218396,59.07702016866102,50.86457578814136
57.452001593700544,77.67293849944483,54.39900457602167,51.99576587016243,70.75021632632003
47.6159015570759,61.7202289635661,26.482880402938903,55.75674347527851,55.56633236405357
51.1879360251618,76.70292500586885,36.246814112324756,47.36495210969532,61.97554583627599
27.822757697788575,44.87692274770351,25.908737941077597,41.26345801224753,36.55543713630738
36.70036105066417,52.90074203648385,23.668853796574062,51.700602453139616,42.95849516808425
27.848779210591825,50.50870478581903,29.897200558274108,57.182651324072474,37.972553333090886
60.20628821218039,80.20950381439104,37.457473615480836,45.80037590914885,65.73334905326031
40.67684301108198,60.466513214688646,27.64030791242798,56.43638630918398,48.04539020148087
71.99811763199513,89.22387750336873,69.20874499670397,47.452720314080885,92.01446543249827
38.827231721393495,71.64443117889363,17.09341189537955,51.20878963602978,54.32832193894602
72.60891348270223,87.90287816382781,42.71782224787818,34.566569035215466,80.28193190812549
45.903556054870855,67.6590285170345,24.811291580325616,42.55366192706534,51.02930708143615
55.57199107983904,85.82004921398524,31.746916874519915,45.28646992895171,70.27880318374774
21.645618966590664,51.406836643772834,21.6571838803575,45.68100877488065,33.56496536721356
50.50104017419102,66.69922670335944,33.188884375553215,62.33617456975091,60.078091791980874
51.36702568102601,62.36600280925356,37.4168223265936,58.106166194330605,54.84646785842552
49.26208332147414,77.82669443004073,41.16885514833969,42.28988304330037,65.62615116051776
37.242888915638325,66.18364353005668,19.13780364041397,42.39344577499736,49.745001879997815
53.865352714408154,72.26056810168038,43.2769423518655,59.569978798879156,57.664265632616974
50.667690805076624,69.569462215405,50.91278239340211,50.39402524166317,64.3131771875205
45.93355180976192,62.42977393734834,27.88479495024094,43.077794279099415,48.72170544177648
36.11884541770498,65.78563319318226,23.532177639880544,45.774166660567225,46.47029597288319
41.64840145860313,57.78050347688625,27.06732900113174,81.26586936843935,49.153265366922874
59.853561096548766,70.74009575348207,49.018414962637486,67.99631716302571,67.15007692924127
57.37522638751109,66.52300226910303,29.465838231536814,36.96078199290605,64.50712253817679
48.95197886109833,80.30831529219839,41.93308056832981,40.474451680465634,63.79555394648778
76.33655879097428,82.67031167286329,63.514326197375844,58.18583401113305,83.64646555686612
46.241370573933175,63.038415293131294,23.115919671582724,52.7993438783118,49.715675101738434
50.793407980146554,71.11622748739998,35.35717729572882,32.123988014002165,53.480209220871224
72.53704681911611,93.13193925517339,44.62472849913314,49.68387074440514,82.30170859358631
44.61215397958736,62.67456879507057,49.851270493030654,41.07202736893,59.096848426124616
41.09629930836127,62.7667893055789,15.107408937707044,62.919369906881016,40.83125967649359
42.60823827044838,70.9307192687402,35.54830941925836,56.449290176934284,50.2062707660272
56.542975082323416,72.05843603662457,35.699355188588825,51.92134818833097,54.609538818150696
63.95828030379664,70.65681156167471,47.93037408834494,43.93565619409764,66.36304644520602
40.08090210839351,54.84585370066161,21.28667013532101,56.241698129839946,52.56360094862648
52.680159671672016,66.58577634792469,44.891086815758214,58.741278887362675,55.447435323467914
39.57344640022343,52.83570922426976,27.004176867499808,51.149733807080146,47.1859898684463
39.27457115006754,69.97414649276509,22.418350937616907,53.959802553402405,53.006785085944934
44.9788468153794,64.14440657385472,37.91711645161088,48.78988778305502,46.67827727683763
69.31470945235493,89.43228014329866,38.35933337477767,54.57916254190915,75.4791054875974
40.34913942027674,73.73433370359098,34.90228758817058,56.72567183422081,47.870024552197314
41.44694603278589,65.73291693930804,29.698035723761713,56.77992937892625,49.819181484504945
78.2228754223051,98.24336451429997,68.26746157763445,57.65231984928469,85.33037503659195
40.124465825054706,64.87455173056694,35.47168910771792,54.254559686048495,55.89192498030124
46.299214193545204,61.6146591376627,37.910396202156164,50.576423536594724,47.43136524900652
44.56907227075305,65.46907878132001,32.42052208286941,46.40754236398202,52.463098897783944
50.59750238413826,69.28096723549756,28.490144280893084,49.48755595520585,51.78102722789032
56.225113903458535,56.982638200488736,49.79507676616739,45.09255884584116,55.71217697301626
52.988707812149215,73.08420608234084,50.021365505729925,53.771710884116246,59.93283575749981
64.44279239963984,83.80942375913557,47.15429659418936,39.04799428179321,78.72220103204579
60.06115029662499,86.09149490475744,33.12986161736269,40.75577288207396,63.689998556705426
51.62478096176887,61.22599321794222,35.74515881475841,58.79502093026606,59.14281059196414
54.55280925843259,81.56374957730529,39.70276027663729,49.931593571047905,67.42118357275369
38.668551826809725,63.467728076225654,33.972520197909844,47.58596083261871,45.884876586302916
36.73696511878849,69.3558464094231,46.47953395935316,42.37914958145286,45.92048408169739
50.566518626041095,72.40721468364234,33.68724171954079,37.45815451546237,60.48718513316835
59.91987328429161,78.28094077363863,40.48045662594614,45.688025713257744,74.11273640481551
42.510099639743885,68.77362540899543,24.7429464855298,61.015605314536884,47.65142030445015
56.491675908808446,76.38643012384415,47.13953854200813,58.245500247987565,62.16093819457028
47.56915632914952,57.24432326971322,22.340549849979375,48.331132482189346,52.46688747509644
49.48977791114438,73.82041851956542,32.00700125572361,59.16713678335718,61.22722922202366
33.74726028867367,50.786144226040435,43.08620939776954,57.580678142042515,51.62350318549776
48.70125384443484,81.5565758019368,25.833856750161253,48.366455600541606,62.83145062298035
41.045541467072944,69.8269051814536,9.560138926148241,47.0677810064596,55.819401080060736
57.854083626768244,73.70699453106855,42.47931236085121,62.35872303788971,57.927718543555876
47.06147730653863,70.92999291867368,32.328059303302055,49.81595304189047,56.954635348659444
56.55574375758636,94.86277096943307,39.36114671058165,52.128599898777864,76.01654572212304
42.93197687232652,62.13485733752488,26.960968045518523,49.995561438164906,50.00771899298944
49.12310590491911,70.3266643215918,37.81168911104866,49.5569360231048,54.81139434423993
44.448853428925034,72.74320269690766,44.59613453800422,51.1385828351936,62.243006799967624
43.720775559267096,58.61053950097494,30.067219966271576,58.60042258699547,49.040126390262444
53.194459525987874,67.80281368866451,34.248371274895135,47.42465339001419,59.398537038214734
42.27702506916995,73.85970675739935,41.78900441594372,45.38938515842156,62.72038122662247
51.151240022835395,75.69628506164858,39.28733193979191,53.20818057427187,59.01800140440018
52.93795658094323,76.34771239444682,33.5257673324926,50.68327664466321,61.7828469723594
51.816206977682754,70.66121235506625,36.93240884831954,39.51922670448421,63.97565097944623
54.517257609389645,72.51958710200644,52.67892092507568,65.9577548139554,57.90283620813148
45.03175863145816,77.14891404556582,30.305160105068186,44.94950605900397,57.753014470761805
54.675691639481244,66.43059736302214,41.3317496304664,58.85386939506086,62.23689128765039
67.81015991112336,78.74308462673575,55.19816841477098,54.27570440927953,82.1196346548712
47.12781856464969,71.99308128926928,37.383283905144005,46.80325436895965,54.64587334449386
52.52854214982818,71.83304590199845,41.23000918273061,50.47948002759215,56.86617713777723
50.218116855391656,77.12869580385512,26.73959462923765,43.14881634834076,58.810074748631884
61.29867850841039,85.6864222620697,52.27973755574374,46.953166662851544,63.22477178869955
60.22209586967959,87.10662210847828,36.34785470133365,46.90899500648042,73.84548850339287
50.42599628833443,70.89418368346665,33.06493717319573,36.31640856076248,55.19859278805888
49.152361698074486,63.3224644571993,29.38141544425237,35.671202419222055,49.84097440055406
68.50366518933302,76.06261174529446,50.66999332649212,43.87564755434073,68.48830213544983
40.63034243213166,68.77208210992745,32.24656698901739,31.108055800996492,48.414500739651025
50.093676530266386,67.13228489331277,41.07652017579982,55.867439075435556,58.163932283510235
50.52356976282765,69.77929102367196,46.73774054726401,54.97807733646456,66.00478281952238
58.965496904977364,80.72756365016598,55.405961520420774,45.11377988185634,73.22985889883915
49.1625079168746,68.31334555622593,43.89608007646197,38.271914141411536,58.57424262809424
50.090084908272644,70.7275185762868,39.629209518428716,41.89623399232599,60.963449956678204
49.15264835030955,66.83892610534961,21.59281360769773,43.56543537133953,46.21161218676522
47.819811628243244,69.9173299295297,43.47157637447925,52.503283107482375,56.35288711883055
43.55329473898654,64.77951321042774,39.67694251231068,36.117362677942836,56.284240064109675
50.596283758967715,72.29755406349027,49.5547262720478,61.799084401943915,60.20739093444769
32.15104593327181,65.31742329342893,31.11875629067952,50.52425175363689,39.67868126628119
48.10772347633574,76.61621045821009,34.86090725905446,53.45219370435156,58.45916711564986
55.829474811141544,71.31811220357679,49.13805861302441,54.03021988156298,60.24025842108173
63.820409321452715,93.4963329212791,44.05751631697273,38.38096756165671,73.44946778967429
38.04269436034134,60.810749624942815,31.037079255171403,46.40482382734412,47.512670793179296
39.644879373933705,55.462740017706686,35.43445891546124,54.99458328808611,50.69561761541893
48.327825020363875,59.24152595466535,32.00604013965608,33.83120708224439,64.69138666249899
37.675354510427475,73.68408020877865,18.99157002144284,38.60448938280121,53.134221218421004
51.50379243912295,61.66082855639266,47.04048957504004,45.43519427096621,58.16374195336899
38.61850889448504,64.14687188946527,28.38328892438438,64.89461383704239,41.39228538299954
43.203326807069224,70.24604408816569,42.59096167064533,64.51216411024531,67.63770840843281
63.43441887491218,77.62814652872271,49.46022932941279,68.2941213178078,65.16264073065503
41.46211936714347,55.1740674100697,20.301452914965537,47.17756037775055,39.86937367168604
41.93942359939656,75.88207713097708,34.86713794772706,54.41918005717172,48.88434079899073
48.96234487413895,60.02615698281305,37.56698300764825,54.1339687536431,46.81149108711307
53.88401991258348,69.35974345568846,36.18440651813421,55.56800594540067,67.18822568833426
50.97018041565845,62.24955966166017,47.54627005625842,63.6590958897008,48.74887372342236
38.911770306629485,62.56501327420042,21.314403220616278,53.61478149399963,42.0343277517929
47.79827828901706,71.33507308131331,31.432982074186405,62.92679005750656,59.11037444483944
48.30072948839707,72.15724570618906,25.663616080086076,45.849022139408625,60.04073146651865
61.08544242260947,78.26298859123192,42.680413810313404,43.59484051893634,65.107547650496
62.111785025856,73.9006875999553,52.19130941886868,47.82636604167145,66.66712200614937
29.84457256461984,39.203266884441796,33.85348538163838,50.82038183725242,35.836911605761514
43.42150993178508,76.68928217120714,59.03057694535957,42.88816913892666,54.98490727450972
32.215845027145676,54.964982169973695,17.93081757511228,46.511127545220056,38.84939583723739
46.17956777546631,69.7586969156259,27.46749434312803,42.90383414980105,63.581233692075614
42.432133150370696,62.648373409973026,26.723521099039115,40.07565211165288,54.83453949115962
54.5722009714487,63.34375153632894,40.096527948208056,58.99752756926863,52.134523291239816
41.058484259784564,67.05068889719362,33.310520918224924,55.63658612916485,52.674202063188645
42.00791235355139,54.47811852970566,28.32171657141324,52.37364840783505,52.65609787938177
57.614752686085524,71.27955184453477,37.603597063319235,47.47665930461862,65.26900007998378
57.55758596782887,80.82916406531291,42.187031417178474,50.16893721942277,66.65658648022863
54.00942081830512,75.39800888577724,54.90561785320995,62.91714486596019,62.18072632260324
67.95447774072102,84.05779215411003,42.45686868174477,57.8816254136379,79.43997252098997
53.177576716744426,61.51073499037115,44.25007533081645,53.57649801690416,58.85275440673011
59.97259585728518,80.09000678393323,41.15618385037767,55.04685779779945,66.78376800692526
42.862814511135056,52.466371590225066,20.63351556419238,45.69385491826656,44.5377942964402
41.31464330288797,61.50697103875419,32.44758033800948,61.94495174465632,47.99889171197389
65.75537909112549,81.04538868562581,33.35153636310292,51.513749758546524,62.3193262480902
35.32528665823483,61.18480544031682,26.184762796092674,33.59467075106255,52.393727842929884
48.140772731795906,67.06444148414488,17.746807359667933,43.74824078342178,54.63519867405446
53.63884967618597,69.73720537980299,40.83247385294098,59.69097687916084,59.7747922761871
37.96799303735253,63.75044901739893,43.73284437249221,41.355104432772436,61.48653619429484
49.01568719457511,77.36398305077324,32.13701903027305,50.69930378373636,61.89180925308944
64.98315729614582,68.20647276259714,48.91236196053814,41.43788885027923,62.64714085212272
34.989984471332924,59.52685609751999,24.92036511539153,28.9660837101222,45.67077183693371
49.929598294989596,62.86694415594988,32.056645051814705,62.05689197283964,56.88787551795305
42.000233606217805,58.3705302684418,44.92783909863155,56.82606382873112,50.33517153839728
41.1672750366922,61.333485799383794,31.44547686550405,67.63828370164187,56.58922229543468
48.128473161183095,55.08462267109549,27.657784923702273,71.97818844761518,55.38591285862781
39.9427923248183,73.06398140518729,19.63929864425488,52.823024352013796,60.68136861847182
47.05006947127002,72.78494652044546,38.27895078876953,62.10604952922016,51.53454949969905
51.37441039683449,61.369250185863805,42.710043942201835,61.28841888455828,58.320497986588826
41.800470016964994,64.39535779266107,20.976386517625386,45.723984020252985,56.17990676760277
38.3696640938707,65.03831496894509,34.02491271655697,50.11874467613726,56.7818004165089
65.82838069447168,84.97775252523132,49.37000667141524,51.00715763174786,69.27615091196202
76.75186580686936,87.74183927340937,60.87980097806675,55.98855039624838,84.12827011006978
41.757116203228534,66.35162189952293,37.05771573967846,50.02057297848929,41.71597840798563
54.71238555451154,74.83047329507569,27.8779447952153,53.530897624176724,61.28995999061888
44.50515197254739,63.89900072593426,40.96107609112669,51.379050583912736,53.05249428594621
42.707148096910245,65.21268765249499,30.693439493426464,42.003277124568974,51.70574233188942
46.44160647156701,76.90971151319522,47.887937142929616,53.30104890019096,65.50901616462568
60.20877645874479,87.31110854804982,46.86321872525642,62.30910441759745,69.76340778787835
49.179522453472686,76.84361736910898,31.098201480532584,62.01939571373913,64.59688559592398
51.25477415355749,71.87203297067532,38.9757408107071,40.65889107350064,53.64819569382078
44.38597020609584,53.922996347292866,32.36596029461015,43.24341113019684,45.761230283927645
49.943238261789475,83.2201791777442,33.044386765709135,49.64964996329304,55.411834745046924
45.68389833478544,73.31269974582159,28.991214359108078,65.57471850884187,54.34777538190393
41.65879400949117,72.49296441994622,48.13518479051508,56.3682493079674,54.1447230394641
68.0352472203241,83.03380508266216,56.32639994953627,40.62693200530208,83.2586826855146
45.57501187822312,80.63002777074132,38.20911813182952,39.624365486291026,58.61495346638464
52.2224594933202,67.1614200202856,30.758963622193406,48.63813255329638,51.44463690164775
64.53919934679556,94.90712824218193,46.624274394611085,69.10293996570128,78.21112198649652
41.240302858077946,52.52711424326585,25.853411339335285,63.013205230387044,45.4433035444485
62.68642668189454,79.44270626680012,48.83863791437694,59.87144388696771,62.89766218204388
54.73964848733669,64.43126112669381,32.610014403983314,39.478767694993664,60.00645127304796
58.70433063800861,82.50822085356944,34.41904727044354,56.05046489373433,68.37612069940428
51.834354383244545,68.59200116436998,33.56025194397406,40.02400722148994,61.87280894472739
57.56325534237639,88.39637140371102,42.958910606660446,52.53716899098056,84.0381910453019
54.37207843950868,80.58628228420363,47.367022800951794,53.652459267049856,71.90536673107762
60.42893172137115,73.9880171194871,55.00949451706189,45.78255519037511,66.8968988575437
48.78093979419649,72.47615041372751,48.88562101055029,47.381405210352995,67.22686361527798
48.879640558881825,60.49677640029975,39.297145910719436,50.82014592851013,49.400079219713135
60.628997355932825,83.41792572482701,53.4675900367668,62.63160650114975,75.38800801960552
66.17915294502737,74.14373690160869,39.85339215583723,45.72989367659574,69.57683397163923
45.99895404485611,68.78554578701053,15.476144014254132,63.062915542624545,53.774336653773624
58.205200808099306,76.83276569788292,60.54009155182876,39.98085210322786,73.53046040275268
55.90683794663787,70.7303282781903,44.087802600754,52.7748298786863,66.35512525264583
70.49409701237518,91.72218664929295,47.002765050337764,51.27160912085107,87.19626632000931
42.4003539812199,61.571069485561836,39.221866399439634,63.0228255483945,48.47522550492476
49.28751771291473,65.09274731776863,45.78522084003849,59.29137574782952,55.575949479536774
64.0301574548435,77.88135425917702,47.00277778991363,51.75987593011873,66.80458685644386
58.94465795307937,88.52958593266817,52.19285835658686,44.2042055900139,80.79393383405468
33.47783460681899,56.00099360799211,18.900633221752344,35.58480296269286,42.32064979489618
47.183451320781124,62.768798250525066,41.664115845743716,54.81472620769699,48.675338459787575
53.76210273468274,76.07066145104511,44.81949653455121,51.92707303009933,66.16593684328113
47.18974185095772,53.24837687603624,36.21540011722828,37.13226579553926,51.108309598196804
46.632013019091495,61.45933054144716,23.580511322597133,51.60703610300877,49.67003934085994
45.33457706538224,56.33137262567617,36.26161176999781,57.778052400879645,47.88646295825127
57.77663262363692,82.90759121639115,19.799745554760758,70.90028088654373,68.54319745136883
53.0928196692208,73.34188887214505,32.89503243818009,66.45206440989624,55.0397064605559
46.89348051235326,68.56139534551107,48.46354853941862,49.547522109582424,53.84807360917961
43.27996511147529,71.04164143524994,37.707747445725246,38.33611547522722,60.8289447735023
56.939631872162266,76.71471291211444,38.34071064847063,62.516791795859255,76.15893411709983
55.669849387745664,81.05390757947816,56.84412244387874,23.099502128368915,67.55492262287727
45.742884918031685,70.29584956222382,34.518968552234966,59.25864683980588,45.83284455997526
31.63944411714431,48.25323573383906,8.57497253777293,36.16731093896665,32.888792651692874
48.90845282060576,78.07594767314608,39.7697694643091,61.96385245253122,57.49182692605758
51.030846031300136,61.30021454321029,26.814129991108313,51.08888913156085,59.40664153120339
43.859639742944964,64.73901960162894,37.13963933411369,59.98022229498865,58.0214842464037
35.69104537379482,62.48968255426312,37.62992284743355,56.68817984084522,47.50915439472205
43.46079461567503,67.45902358854198,27.22179011574442,27.51301405091114,52.83902358672407
48.98773283339726,75.60953110684704,43.67667889382838,46.777615129933515,54.88857657127044
49.01965122052608,70.22848696599047,38.467974758840576,33.85786344207769,63.82842630028763
59.40338744404632,75.84381049399892,40.43454286675285,54.718324647352325,60.98759305464075
58.35734786230174,74.62287062412848,34.1384572312797,49.53221612959044,59.76101637932249
37.21990430401787,57.488108188305816,28.565510819331493,40.882835015341854,45.69627424318781
50.236159575959306,76.76765590498101,44.02853514509298,64.18265808778348,61.108329330595836
44.216638795334035,56.79344210469094,37.47181289456579,47.8150146478702,55.50150509272687
40.69153392818113,60.10077899327475,50.058324700250225,75.07232262595454,54.15929465190315
50.31400283359924,72.16082839450269,39.046517391405644,54.134099353486434,65.26184483178265
47.84275773681998,78.39910053479613,36.4955005914752,34.51996214090573,50.414667486501
57.704967822518654,72.55023268249238,39.8753448102729,40.74006301439307,64.4617798143374
60.367077050347845,83.3725197892703,32.807137738002346,23.569157197189014,68.17006449918625
44.41741873093636,65.78578092696533,35.995995265673926,53.61521761710263,53.226030315527865
31.61737427817214,55.60810895326931,22.66534329089269,57.26088506625069,30.54294893789378
44.39825590239221,66.1004220255023,35.67623143450744,58.077212071703485,51.69959095089552
43.62439738091599,69.57668141154879,37.20281955152945,49.42743564527531,61.03277713778476
49.22070248389175,58.257163132516766,21.129194078482772,49.69292764339837,52.11068876446582
57.140283168227676,80.43917665674375,54.6464660037958,48.85957878531065,63.69093316987478
68.44200427775529,81.09921529786443,53.6434070468377,51.95723819160433,69.1083652728085
55.14936321770124,68.53730700182214,43.62933880281591,57.92824589113187,71.0452128939115
57.729569125997145,70.22113737185919,49.62784231492066,42.348046135629716,60.81966506877914
49.257283446350385,81.54440654055234,26.085524022892017,36.643390142321095,61.23040526776109
62.95446119817729,70.305670147151,43.38307674436419,48.281186408930374,68.75533950801186
48.41575382914157,60.80062292213744,40.47947834159351,47.335147888032374,56.08070394299051
38.25639770650217,62.406640055020105,31.32972158159071,49.57399681994048,54.99639001713977
27.76351106515071,58.970729529854324,21.872403005383998,63.77822070635179,33.25758503801229
45.85368344095919,71.65272830809056,40.37331849382244,46.757289520019306,53.451183408787706
25.11506884707113,36.41609112388852,21.67887570079194,41.18913131672243,34.40535386990887
33.669855075682875,55.39871693296028,19.795172231006607,49.16771629559895,38.08707599091252
43.281456059265835,57.48832974579323,21.649955971889092,43.77013614581473,51.38270322424858
56.65596430353011,66.70092198788646,37.99302727738099,41.81407117013339,68.76880071019893
48.86627901368102,79.59468174726874,41.49199159258285,34.475600821581665,62.89410626222798
34.8511245268246,60.458138593659086,33.29777394069521,58.302683585323095,45.38365407027654
47.42698758539045,72.5770650987045,46.68834938441225,40.564573272277364,58.1671238267597
70.70498405269757,87.53164028901382,53.88582964581405,48.24591766034291,77.858042091551
39.09778502393954,47.55530479358404,25.44107509016282,42.71372043911105,36.24830997497225
61.63382528328148,83.99911680944358,53.8946621979122,47.526129850987665,77.87016474389651
53.595448698064146,80.69726278777513,34.67483552540024,45.68037367549733,67.37932263153367
58.399570991752455,76.55986932825138,42.976342750896976,44.7163142386319,72.39525316397834
50.62675154606932,74.07672831018297,36.742839066145486,63.255502669340586,62.391001576326126
45.95957706221247,61.02639357432794,33.510735082425356,46.327783986110525,50.40598213247501
45.30884588439076,82.28734877209928,41.46720297591992,61.77775500484815,62.31699220311455
35.44976436259442,49.38911721737287,20.501153506496536,34.20038213209314,37.167322638252365
55.85228308870194,76.84076495569849,45.668619034002305,40.04488230849906,53.582356595435066
42.24092823967384,74.61053341066767,25.82027652770896,55.533769443941175,44.210282450636115
48.69081452053943,76.31183480121857,35.68707859075561,67.06311047265405,67.35274344032662
71.6962178751528,78.21769281199869,66.75079689953353,50.60281884758317,79.0149627088275
35.95518071464546,63.66533829545872,24.971943049974424,53.83054455149583,46.73323328965966
47.350235396466594,86.17309476903893,28.908905483552225,64.35018115159701,55.944624973765286
59.179393226466004,72.85633704128155,36.04227693685117,37.94987494235984,61.65162374856318
48.84707891363013,58.33397816037022,24.426649368954795,51.46801077003616,56.47422156875874
72.02255558612181,93.74469145060309,52.10296357737461,72.03078360414476,85.59012325481335
55.98554266425873,71.45725294319138,35.642739933851885,54.514654837425134,63.239265204899304
56.44549469496815,81.31612210619744,40.621955357034814,56.23368814569906,63.754802066260886
49.91359930515569,71.59187079716285,22.200963344721586,48.46722115936334,56.344751988436094
45.8682580318991,66.13345923584347,25.18549930807918,55.973678212740694,47.09176491177281
53.93892253364429,73.53886825195443,29.656351700332085,36.14243434203543,65.06158218409887
36.93309076480868,62.3595526658041,33.49449523369931,67.73964962293601,42.643000986140365
54.18627318785334,76.97766680590928,46.81061931154209,35.22891862660938,54.60103110272986
35.132878271747245,52.576292779741316,37.78785912242357,50.13426785921514,40.92090557853159
37.243544297729564,46.629438244247595,16.851580294624473,57.652424343229896,45.536785787983604
36.77860615481567,75.55840794487031,24.26369789498312,44.845081931045,53.181975918375265
43.42035644280792,79.00304736334591,31.00771488068569,30.05003966200586,62.63788157441588
45.7090769099429,68.50783867193817,40.524700682360155,42.30517677844865,56.737221631490954
61.36514274254958,89.06400430156626,44.78470974144879,40.927245699885034,73.43374125403493
55.74245792267765,72.58859582339142,49.06372089738288,49.99372616063064,69.99920781980435
51.387039257554015,74.99373595677667,45.37022988351652,57.42194785837587,69.76128403789879
69.39243678959906,88.58364201750791,40.68325122771942,58.56917989341695,76.04849318620214
45.06132412123422,51.97200060057119,26.791099326232267,48.99985720838044,40.28414191612229
47.517941474741455,77.35414381334715,44.580454869441255,41.65539166294688,64.35440553719003
30.31840874901174,52.11204894777494,25.70448844147908,47.63706597207576,45.75920419480939
50.430816761051254,71.0893719956645,27.314837083030856,60.47768455813911,52.72709374496805
49.92946958959817,63.67055105517059,42.26103477261928,33.92689230002141,51.04637409758243
43.799239157484834,54.731199352180525,20.205388971667304,55.8040598601379,36.73250937971905
47.582182036921594,57.97322864018367,44.24238000972773,43.10065444797863,49.83329882654486
41.0280278510728,55.932774774507585,44.90691255330308,55.582824455676835,52.353875298543706
30.641970246577525,47.631609404370835,27.753555974917706,42.094296426194056,34.08869826928458
51.83354441469478,54.642532146394004,37.41566339675034,31.852101752884455,54.10532571845716
32.37270569130352,52.311175541770695,17.21182353307517,58.87075883329927,39.29764125207752
38.72341275699746,58.59261090312034,30.036114433603792,52.59155057111468,45.0491392774225
43.6149804480237,66.5084208337181,28.30618748516072,46.99839601995856,42.40357625197523
49.03576816119062,68.2831342441203,42.90833428885208,39.856072334821434,55.98753192741906
37.93363780612921,54.321724961915876,29.20704614015744,65.36362284877279,42.62195755759177
38.510411672135945,66.62012882222834,22.282189853109575,39.69183616655075,49.79926868842297
60.317544516880126,77.70772794490274,38.615002363147084,58.85921071791313,68.58381484791757
41.6645857287144,52.68449386726485,22.50579957628128,55.02141373380103,50.099158679178835
61.50695800279588,78.48142279329923,43.67532547969898,58.08493623778406,70.4196694307832
49.86553779306232,64.29210260788072,31.39063882480925,48.841409353429775,60.739169019531694
58.52126603151454,77.75361894185413,64.71160728416355,51.37605040178508,66.54156340522944
51.82906922066038,78.27649662646942,38.614956063209384,56.15573934420081,61.318861410338904
49.161380273906424,86.49500330634987,44.68739282008261,64.09536726818862,59.11153155221175
42.258998729552275,54.14192940869796,32.613059612370364,39.003536855441496,48.253804871239126
58.23611212791821,73.38347869026907,42.7838796252877,52.84164838028384,64.2965402753769
54.491285586105576,76.882570722217,51.04532263900799,39.44342057682769,64.58565211605236
47.37554567806577,73.83401620552519,40.03105235040676,35.86090926966968,55.941967911051975
42.3819957018672,54.88430159850303,9.733973039697002,49.1831159775872,44.76158105803243
64.07702307488165,72.67419449840439,57.611197806231274,56.432053416234595,75.31793752599152
57.7476719161632,72.65728267375286,46.375563564447546,56.678555034332284,72.74271975898088
43.86935232146034,71.72656333585614,40.33984573551701,56.99103132528829,54.66051055411234
36.59025660500332,53.75490014681547,46.34649578093084,49.17243653304777,46.59809066121558
30.44445032366931,49.34692291058213,26.234173772479267,57.3635438549742,31.422859895436577
59.38303252167451,80.65399087248167,48.06467011824125,58.49894536603643,70.05560203611508
23.670392840990203,54.41652267190068,11.30057989381029,54.40950966923891,35.080744137880316
47.09264607931726,62.66923760860821,34.09459919831453,44.78934262683821,52.32928961578808
44.829432267305116,72.93343884856526,30.568363998015315,63.29934697406863,49.1586624090999
45.244148267610115,64.8739150067029,53.64627785189066,49.90819314854297,63.766269749084984
36.45394455530082,65.79997284617376,37.333049585239394,58.21828916270879,49.49332626639247
56.14707061742832,72.84690955235249,30.919547920299536,64.2043254121393,54.723998022224286
43.9025238554475,68.8230096950997,41.64545504762197,49.50605198211878,53.629035674934386
55.4868564731229,81.38739712132386,50.845022198254014,61.44907125033012,70.38362247807598
57.68680620897259,76.60365653390411,42.35843495743,49.31650367033985,66.68696951227128
57.8453753191102,74.24351253309413,37.451026792939444,47.62949572834938,58.775992084269774
50.76469922750515,79.53374712128198,37.71922276891954,48.55847736950659,52.77753293231774
59.05376339315748,82.17380080195056,46.96285338268676,56.55970046437442,66.1751722894374
60.509927232461706,72.99423106289012,31.18684365143548,36.961612138581884,75.78136664921581
30.886451581942488,59.66608924900827,22.023953928712235,60.5017186205538,36.28430874950189
46.6887506173069,55.68783579341645,47.4588818509459,43.735430880153,49.78979022520712
39.90138733684617,57.50770643557534,25.213995366104676,74.22201786588877,54.578159774355434
49.879169142981816,76.77060048255925,31.16944815050767,60.402978018156865,61.25597803219246
56.343405049051746,72.99293077244589,38.70984992648207,43.24013956065126,69.31773057815293
34.82090147139232,56.08516602342168,25.868198570711495,49.9599003494529,52.71175128896856
44.257547458334166,64.99846470756512,43.1262577891669,47.41973769004054,49.73022268025621
48.14877986169668,70.28129968086103,37.07998984074929,45.49370563791805,64.47607927110369
29.666418112466935,53.90554681440371,22.34487632501316,47.28975119000626,42.546834968882344
46.51964216457787,75.51095193991274,28.909138971776418,51.19968156501143,54.67932820096313
51.54423918365242,60.12381361433864,48.224938689241824,38.42083398350414,57.55688618832351
59.68629590029331,70.8935438791392,38.48343484056143,34.769645247389356,65.1905738607146
50.52633968768961,78.1469492892214,37.646555705510195,70.84608733504754,62.04230624972152
43.634981986614704,67.05932817444145,14.065516408553925,58.03240439412903,46.49922774971078
55.934674377660876,76.12313446027053,50.20248821294902,43.52701119286601,72.32411372307529
61.25932967851961,86.82447637670897,49.02421492997911,46.27655839411937,74.22024033366726
41.13187397041326,61.29145401772434,26.54438200894047,56.231301021447415,50.42383043805205
49.278152068841734,65.92411963081453,36.361561959410885,58.75786317582071,54.78426031943814
59.404999781423236,79.35959256245505,50.42652727103628,60.6688381668992,60.20854670078176
41.72536109833817,54.18299825991207,46.03388155220381,43.01466890339397,50.233782147327354
53.342425091994706,77.51327523106517,45.65756086736533,56.58739686390953,58.708182222612
45.92104797851316,70.10202168574898,26.604229050695842,53.69465817353519,49.71601806444117
48.74553297594729,69.0808329477058,33.58293067683789,70.92934891972052,52.257177837024145
71.96429723918979,89.83312924792224,33.917537596464854,52.17201795798444,84.95934933158644
39.269929147087524,57.53633886360064,40.850388924840296,44.97188496696913,49.8230946719814
61.40765720310045,72.01079741171742,37.425563402933186,53.838665539675084,64.6026925575452
41.02938256688116,69.80349586323706,24.651014034385213,44.13606715291979,50.90855777184436
38.32701019566749,61.976848681912635,35.26983675927261,69.91367996915926,47.02893691588649
50.01339382221072,72.3482232636494,42.1176398191566,61.77874201516184,58.94390401771817
43.402859898692476,57.27472353818675,43.42458526684728,65.27674188630813,56.57255249227295
37.29642142452306,57.70885038692296,27.01216505780702,62.781628259276665,48.58561403451703
56.30215567920922,83.81158865971659,39.78844079570327,51.98136475225002,64.28008052951743
60.114012883420656,76.96750326614924,53.39841931915352,56.46393017093243,79.54278671433335
31.873187205014,59.676157022424675,17.47961864273936,55.73601968344475,44.45465946973959
56.95311378656535,80.95986897313668,35.49866288315018,54.70337027359191,53.664006119799474
50.09256352678121,77.59202265874109,61.321193311672445,65.29016468682363,66.29412651554517
66.92752490634675,89.34552828318981,47.24052296232332,51.77758769611584,81.56149404197907
59.241689421948465,85.59014151468642,40.68509304027378,46.095029949375665,67.94605571544999
52.48146780982758,68.28822067026627,47.68612083246855,64.73225611915105,59.17544716764452
49.521548926115564,62.176820552476116,45.60593816240714,47.270793590635805,51.99342846797489
55.824752009899186,74.01318918836955,44.8790313057191,38.61902408190073,74.6819571242581
54.50513087021913,66.13228630273001,45.91648747172701,45.3503017248091,50.34825534661047
39.02221488860344,53.71565109664905,29.419475039469557,57.28165606624833,47.508737999482264
70.63349186449678,83.13907310469077,44.64473402732036,52.03907527299,68.94138690159012
48.18736311576047,68.34697784309702,45.22777793934073,53.633212888813084,67.32713630262336
44.15215256615586,49.00772176782554,25.520734314006027,53.61432072496177,40.39488728978635
71.18953083660381,81.75996738749473,56.68945782827679,47.59118277270848,81.61895702453766
52.999546978385304,66.67328090856519,42.95747241845846,47.68606901140151,66.19254785115439
41.23929716099306,64.19646259682003,37.50720576265152,38.153070615861125,50.868354079228475
49.16931927993967,72.60355335336452,32.585854182488326,54.53433878007269,63.031216945356974
43.57822014592431,75.42640487242885,41.84688060812,40.27769028765722,63.19723026463941
56.95111291844017,74.27480895209769,33.76113251862028,52.98148821347748,64.84066194390779
43.6376691950478,76.69918731734813,20.208885546284062,43.705296725212115,53.8895456696588
48.57831191857398,67.4355428983598,33.94955086881483,76.07568160253682,63.592693796266545
57.707907459012524,69.20555892067179,44.75493387946586,61.22776547451845,62.67542580670535
40.546387850725075,60.16134350529873,42.9796167757826,47.45761234260431,46.66156112058569
48.81909189491504,48.417145907816305,44.630312601234834,56.492777146680105,57.9848428473333
51.22683162476131,68.34462633841824,30.297329745880482,56.860604189296986,61.7584666048739
57.11993504118795,67.16413637957638,37.65307632664319,29.51238541792083,62.53736352489914
50.925078088644675,63.92408866908398,30.609382614046538,62.99586470835285,55.35440169252736
52.81418812468579,79.06934424513815,45.541767297665125,54.07489132225675,67.05536529628901
58.11940141355254,80.29231228212399,28.379017640591126,40.167224967523985,58.726076282924716
58.16185514321112,69.48198980625165,45.49533869939992,40.42385973316056,62.72243520058231
47.81299639328806,71.96053421344683,48.083388024078985,31.27882694795961,54.51645943602422
61.00720015049457,92.43060698328952,36.78751702734496,41.6423971816536,64.25793423218408
