Application,Temperature_C,Humidity_pct,WindSpeed_kmh,Rainfall_mm,Pressure_hPa
Weather,11.2781,90.7583,18.3908,106.8823,994.4078
Weather,42.2725,93.0697,105.6374,461.6839,992.2251
Weather,-17.0108,38.9305,113.3408,42.0184,1024.4024
Weather,-19.5232,42.1942,92.9612,369.4748,1026.7664
Weather,7.6142,69.8568,112.562,312.8479,967.2357
Weather,18.1441,66.6361,37.0359,58.6805,1004.5144
Weather,20.0049,37.6245,104.2516,146.808,1037.003
Weather,10.7083,39.8409,61.6939,77.0462,1000.7262
Weather,-9.8419,35.5898,19.62,298.212,969.2342
Weather,-11.0658,24.6581,81.3192,246.6593,984.9802
Weather,36.3904,46.1059,83.8181,0.0,976.4029
Weather,35.802,65.4083,36.1968,482.0948,966.328
Weather,23.3033,73.0275,6.7785,184.1511,989.4221
Weather,21.861,76.1992,23.9515,141.8921,1011.4553
Weather,18.5257,40.9354,46.6152,110.2447,960.5362
Weather,-8.0855,76.6994,19.2484,78.623,1017.0327
Weather,7.1313,0.0912,24.8216,500.0,1060.0
Weather,22.028,46.5876,46.7074,159.1432,1055.3774
Weather,12.6673,79.1407,120.0,213.071,1038.5594
Weather,-18.3545,64.5075,91.7394,431.6506,983.4495
Weather,43.6221,43.7465,36.0779,314.3591,950.0
Weather,39.1118,64.9245,114.967,200.7136,1045.3884
Weather,-1.8627,89.6854,81.1708,455.2613,955.9857
Weather,19.4007,57.4995,52.6961,367.4473,975.3635
Weather,37.4318,81.5768,54.1689,112.8867,1009.9403
Weather,-13.0576,96.6832,48.841,322.7192,971.6839
Weather,10.8086,67.8184,26.4089,460.1428,1042.7042
Weather,8.6065,56.7238,43.1553,245.3079,1034.0149
Weather,7.8152,6.3227,59.6496,379.1122,1033.4297
Weather,34.6957,39.1191,63.9211,490.8359,1039.4596
Weather,3.5342,55.789,93.1245,367.7402,975.5818
Weather,-18.0802,78.451,41.3729,64.0732,1030.4896
Weather,-15.4446,42.6918,85.8465,123.6429,989.7105
Weather,-16.7852,93.4106,69.8149,311.7193,1021.096
Weather,8.5495,28.7489,112.7689,141.3062,960.6105
Weather,23.4567,76.3916,48.2955,500.0,1027.7699
Weather,-6.6044,41.1289,108.6545,199.5266,1057.3313
Weather,23.2123,47.5975,99.7358,233.1457,952.4826
Weather,24.1144,78.8537,78.1516,344.794,961.5786
Weather,-5.4875,28.7208,84.3636,258.3142,964.9531
Weather,17.834,8.2109,7.699,187.659,997.7055
Weather,24.5651,51.7152,111.8843,50.6813,982.0204
Weather,9.6968,54.4523,16.8713,300.3031,1035.9727
Weather,2.2816,81.0835,69.1533,409.2005,999.2912
Weather,21.908,95.1545,39.7742,343.8178,1004.1675
Weather,43.0409,5.8337,50.4348,181.0087,1027.0525
Weather,9.3303,60.4612,72.6654,59.4563,988.1495
Weather,5.3124,66.2483,108.5522,419.6753,989.4661
Weather,10.618,98.863,51.3201,457.4396,1037.7447
Weather,-15.198,96.6863,120.0,181.855,1034.9302
Weather,16.4299,70.7553,66.3119,347.7164,956.0954
Weather,2.0657,48.1431,17.2287,201.5075,965.6492
Weather,-11.2732,11.1179,21.7649,234.2374,974.6813
Weather,10.3109,39.0393,91.0777,402.181,990.7874
Weather,-20.0,58.7253,5.8058,39.4142,984.3308
Weather,6.8902,72.8955,58.4005,268.3048,1024.2831
Weather,-15.6886,64.5185,15.6803,98.1989,1040.5896
Weather,-19.2099,68.4534,54.0712,173.514,972.9513
Weather,30.4823,41.3016,97.0746,323.3211,1012.8606
Weather,41.7643,73.6089,56.2372,19.0157,989.5009
Weather,-5.9587,15.8459,18.8089,286.5059,1008.7356
Weather,14.6308,15.7449,25.3549,161.5607,1019.2896
Weather,-0.0881,13.4187,45.7696,323.3487,1046.6478
Weather,12.7742,89.7664,5.9811,64.5366,969.2466
Weather,8.543,7.7057,68.3067,373.0555,963.8803
Weather,-1.998,78.0343,75.1402,323.9979,1017.9096
Weather,25.0289,19.3898,6.3215,494.0901,995.0109
Weather,-13.3897,47.9855,48.0514,452.5185,968.7484
Weather,-15.3011,90.3608,51.4796,129.3834,964.4613
Weather,29.8066,58.9671,38.3638,0.0,1015.6861
Weather,20.9986,21.3109,63.8353,345.4804,985.2459
Weather,13.0638,26.1151,42.6292,298.4138,1060.0
Weather,10.4594,92.8804,51.7796,12.0404,994.216
Weather,14.5415,40.9948,94.3167,79.3527,971.8895
Weather,8.7557,55.7078,17.948,287.4299,1024.4962
Weather,4.0026,42.7463,71.6535,456.156,976.776
Weather,10.1527,37.8373,62.3837,442.9246,1004.1147
Weather,15.9971,25.5161,41.214,62.6194,1003.7187
Weather,24.8909,68.7012,89.5399,211.1847,1000.3125
Weather,25.1029,75.3905,65.9238,40.6378,1041.0735
Weather,3.6103,30.3862,59.0029,244.8464,975.0146
Weather,8.568,79.9337,78.124,386.4169,1046.592
Weather,4.9037,88.6025,97.159,402.53,1035.5963
Weather,16.3012,94.9903,114.1156,242.1018,986.667
Weather,9.7868,18.4786,75.2288,50.8421,972.1227
Weather,36.7362,26.6237,107.5145,185.6442,977.4039
Weather,27.586,85.5618,2.0799,440.1535,987.6765
Weather,37.9043,18.4666,64.9926,125.999,1012.8715
Weather,27.1396,2.6891,26.7568,165.4237,957.0417
Weather,44.524,86.4682,9.5364,360.2414,1050.4033
Weather,21.331,36.1496,64.1785,363.1875,963.1626
Weather,41.1836,41.6529,91.499,466.623,978.927
Weather,-10.6006,44.5775,48.8891,195.3787,964.1017
Weather,-15.7086,84.0702,79.9219,240.3116,978.0984
Weather,18.3371,33.42,57.6378,221.5644,1042.2385
Weather,45.0,89.7655,51.7664,482.4489,1017.7392
Weather,8.6254,61.5618,32.9748,385.3239,976.4358
Weather,-7.456,51.7989,45.969,426.3061,1043.4629
Weather,15.7769,31.7502,41.2068,84.9325,1040.026
Weather,20.8379,28.0132,74.0043,391.3348,1034.8173
Weather,1.2598,66.4009,20.1645,220.0099,1042.5763
Weather,29.6079,43.7478,8.6265,0.0,1018.1669
Weather,43.7887,92.7495,78.8783,23.9736,1003.2673
Weather,35.9902,47.5083,65.7026,344.7115,988.58
Weather,-1.4706,50.5258,50.3403,184.0854,975.0484
Weather,4.0643,39.4973,18.0778,438.5766,1011.7638
Weather,3.881,80.966,47.3587,376.4353,1047.1026
Weather,7.371,43.453,96.513,16.4426,1012.5885
Weather,-14.7228,28.2851,106.7012,346.7524,1052.1623
Weather,29.0652,87.9796,86.0333,98.0848,988.466
Weather,3.4666,57.9436,10.7172,205.6092,1024.8166
Weather,39.7245,58.5022,79.7742,303.1306,1024.1603
Weather,39.8534,61.9727,30.7745,449.9151,1021.6024
Weather,-20.0,71.1928,41.5174,235.9731,1022.1908
Weather,45.0,31.4456,23.2085,396.3538,971.083
Weather,26.4472,1.785,94.7493,392.1238,962.6353
Weather,14.6766,83.7188,76.7156,193.3503,1058.711
Weather,3.2304,14.7676,76.2935,245.7111,954.243
Weather,14.0388,74.6561,78.9572,355.5995,998.8795
Weather,1.1254,9.5498,30.1,18.1763,998.8487
Weather,19.2186,35.343,55.7456,446.5634,990.419
Weather,-13.0879,5.3436,73.1609,376.0719,1031.3369
Weather,18.1547,50.8179,74.7912,113.8434,1034.0992
Weather,-3.3679,64.799,93.325,500.0,1047.2342
Weather,-17.2782,19.2588,37.0443,106.6312,989.7463
Weather,14.9823,34.2172,89.6195,462.5429,1010.2545
Weather,16.9577,91.8567,53.6038,160.5137,1048.0618
Weather,7.844,43.4499,82.1643,393.8237,1059.4935
Weather,-15.7849,77.6263,55.0929,219.7667,1053.0257
Weather,38.9654,93.128,116.8926,378.7643,1025.854
Weather,19.9718,96.7506,16.8972,71.9253,964.081
Weather,-14.4373,92.0558,82.4596,129.278,951.017
Weather,12.2552,31.1903,68.748,46.601,1042.45
Weather,11.2256,97.1752,17.1154,431.5601,1041.5943
Weather,-16.6763,81.4695,5.3261,157.2959,1033.7335
Weather,19.5915,78.7545,99.6536,334.1948,983.2024
Weather,32.9394,0.0,20.4115,404.0665,1021.6024
Weather,25.6072,96.191,24.3054,452.8056,978.0243
Weather,-5.4744,78.4849,119.7136,58.7268,998.9025
Weather,35.9309,76.6594,82.8149,429.459,991.702
Weather,0.8087,10.8127,30.6482,90.7224,1050.3807
Weather,42.7611,24.2768,73.5501,350.9637,971.1765
Weather,-18.0736,99.3668,63.1272,357.4299,1011.8562
Weather,9.5551,45.1484,104.6067,0.0,986.711
Weather,21.581,43.2541,86.0482,115.3395,1020.8994
Weather,-3.7125,82.7798,100.106,223.0444,1011.5328
Weather,29.1813,8.7838,26.3349,216.55,1050.0061
Weather,20.8893,44.0677,78.6373,454.1932,959.3007
Weather,-19.0589,33.3405,4.1383,176.4614,973.835
Weather,19.5905,34.4785,10.7019,478.2048,1033.2154
Weather,12.582,32.7869,86.6505,243.1635,991.0059
Weather,-7.5155,19.7734,0.0,475.6253,967.3125
Weather,45.0,19.1186,73.9796,362.0589,1001.9166
Weather,38.1101,65.3934,98.5497,411.1251,1019.4672
Weather,-2.0541,92.2778,50.1986,45.7706,954.2092
Weather,13.7317,52.083,5.0024,278.7198,981.0929
Weather,2.2874,32.3867,84.8363,71.036,1035.9268
Weather,31.2489,17.121,112.5205,142.2107,1008.7154
Weather,41.8197,84.8726,84.3839,312.7613,954.5786
Weather,3.3288,95.3866,64.8875,380.1998,979.6929
Weather,32.6563,36.0795,27.3411,18.5354,1019.9454
Weather,12.1646,30.0738,2.7452,257.9148,969.5714
Weather,7.2823,62.3971,87.0513,279.9348,1042.8898
Weather,40.5491,75.2169,24.8639,40.7009,1028.975
Weather,11.8971,47.6875,104.3721,248.6894,1000.4336
Weather,11.0593,61.249,55.7143,351.2928,1053.4113
Weather,23.5105,76.3362,63.7556,10.0463,991.2043
Weather,-2.6949,94.2823,92.8053,386.4706,974.6878
Weather,2.036,14.1702,92.3043,279.2809,1025.9084
Weather,39.8301,99.1572,77.5202,431.2384,1012.7988
Weather,23.8198,41.3124,115.2277,105.342,988.3886
Weather,33.3279,73.0301,120.0,411.4717,987.2103
Weather,-0.7049,60.6004,110.6976,42.5656,989.8371
Weather,15.365,48.0659,97.4305,203.4168,987.1675
Weather,43.344,68.8276,84.3301,91.0782,1027.6497
Weather,-0.7876,38.1065,81.5526,431.2584,1021.9929
Weather,-8.619,11.5584,11.8471,358.6835,996.874
Weather,13.7641,46.0949,32.7767,2.5037,995.4803
Weather,4.1226,50.8939,3.6833,10.244,991.7101
Weather,-7.1276,17.7693,15.6764,153.8993,977.7556
Weather,38.1942,94.9999,56.2431,78.318,959.8031
Weather,43.5864,25.708,13.7313,317.4885,981.4321
Weather,16.9541,41.366,107.257,313.8567,987.9731
Weather,29.8748,14.1452,93.4076,458.8683,1011.6674
Weather,37.8445,55.0682,8.8735,462.4662,1036.7323
Weather,26.777,30.6852,31.672,325.6646,992.339
Weather,-16.5396,50.9569,97.9017,3.15,1051.2194
Weather,-7.5219,20.5708,95.2269,167.5881,1040.3246
Weather,-16.7354,3.6255,110.191,254.844,1055.5743
Weather,-18.3492,79.375,120.0,256.4319,1044.7565
Weather,0.6012,64.0681,117.0986,291.6831,1016.1811
Weather,5.2035,35.9277,48.1314,472.0912,1013.7632
Weather,-4.6269,3.0324,33.7895,454.4059,965.4189
Weather,-14.6006,87.4248,90.1643,45.181,1027.2359
Weather,15.546,18.0725,33.7279,136.4129,1020.061
Weather,-4.0832,90.0,95.0634,428.9473,1007.9387
Weather,34.1038,47.8527,62.0172,400.3385,1028.8784
Weather,-17.991,30.0063,92.7128,126.6185,997.3291
Weather,34.3983,77.1157,31.4413,362.9792,1008.0652
Weather,41.0304,85.0487,66.7592,336.6947,991.5244
Weather,27.9924,36.6936,64.9233,230.3459,1029.389
Weather,28.3322,40.7246,109.5918,120.4403,1042.5382
Weather,41.6129,41.3916,32.659,449.7079,1044.83
Weather,-5.6683,95.9307,112.2203,330.8825,1035.044
Weather,45.0,67.873,98.1672,70.8364,952.1829
Weather,31.389,24.225,86.3775,351.7711,1051.3815
Weather,26.5331,17.121,92.34,375.1052,979.0176
Weather,2.7007,21.6408,76.6679,461.8447,1045.921
Weather,15.9383,26.1384,25.4215,112.1778,971.402
Weather,25.4813,24.4245,23.6048,491.9482,1000.1276
Weather,20.1276,66.1709,105.6177,66.931,1032.1105
Weather,26.2961,10.0763,88.9888,304.0483,1021.7572
Weather,-13.4822,38.7233,24.8564,338.7552,997.4984
Weather,2.5722,59.7713,70.8155,191.6028,1024.2252
Weather,9.2467,31.4525,57.3044,238.2658,1010.1366
Weather,-3.0409,5.5155,17.9693,435.2536,980.6364
Weather,-7.1544,7.2775,67.4948,309.0615,1023.6095
Weather,-12.1977,8.7044,34.6657,265.4403,971.712
Weather,6.823,82.5709,10.3879,73.0477,1028.8418
Weather,11.6675,69.151,56.9793,0.0,950.9035
Weather,-15.2286,7.6753,73.575,60.8696,1008.7444
Weather,41.5261,41.3249,5.8258,474.9194,994.0251
Weather,28.3386,28.0917,46.4809,370.7871,980.876
Weather,28.5886,52.5637,26.6293,478.1502,1003.7667
Weather,-9.1077,52.4198,2.6599,25.6941,1022.3193
Weather,19.9305,48.5148,17.0178,334.4521,1057.9394
Weather,13.3854,33.2425,14.2593,26.787,1041.5644
Weather,43.5227,13.7065,23.5797,385.4476,1028.9914
Weather,28.2159,72.6941,96.473,178.6331,1001.4175
Weather,18.1403,87.7873,54.5282,59.8267,993.5096
Weather,35.703,93.7306,12.0362,262.7197,957.9375
Weather,-10.1484,6.9092,8.6268,157.9099,991.722
Weather,-19.4919,73.7969,34.6426,339.7664,1043.1542
Weather,25.2745,70.6701,100.2409,330.9145,991.8837
Weather,-13.3527,95.8448,41.9249,348.0449,999.9463
Weather,-12.3292,23.8137,18.8834,492.5532,976.7974
Weather,30.9644,73.5859,53.6557,195.3735,979.0922
Weather,-1.6977,4.5348,67.6661,234.5055,958.2892
Weather,23.3623,63.599,5.6132,392.7141,1015.468
Weather,39.5411,32.3422,73.7754,289.8628,998.6715
Weather,0.5079,76.9552,50.2417,21.2157,1014.1957
Weather,-6.5427,88.4913,4.3625,418.5327,1011.8855
Weather,-12.6809,36.6736,82.0706,48.1412,1035.0718
Weather,-11.9433,51.2238,85.2802,84.0703,1033.9152
Weather,-16.5641,11.0091,76.8034,33.4065,1037.1229
Weather,-16.7736,42.2822,37.13,28.8606,1004.2049
Weather,9.9859,37.2006,66.1653,19.8777,987.4157
Weather,0.358,21.3202,44.421,20.2896,1053.7233
Weather,27.8439,86.1964,83.406,211.2817,959.495
Weather,36.4406,15.3357,73.1918,140.3797,969.74
Weather,31.8482,63.9447,12.45,64.9663,995.9936
Weather,14.588,88.8807,73.2805,323.3406,1015.5923
Weather,-12.8022,91.9077,80.195,85.3684,950.3914
Weather,24.8231,78.8649,46.0205,15.678,1025.4077
Weather,5.1209,15.6165,100.9197,209.3647,1010.2374
Weather,-14.9096,82.1702,104.5682,168.2239,1004.3085
Weather,35.9637,28.955,21.303,148.3562,995.7755
Weather,0.0852,92.1452,111.903,218.9026,1005.8226
Weather,-6.7947,73.0274,51.117,337.4432,967.6744
Weather,37.1277,78.052,85.2751,320.799,961.3657
Weather,38.426,9.4244,100.1736,471.2155,983.5222
Weather,2.627,55.113,59.9022,251.7839,1025.1267
Weather,3.332,86.5991,44.914,249.2626,1015.8699
Weather,20.0522,85.7039,111.2017,103.5844,1002.712
Weather,28.3761,1.8868,23.8807,379.4909,1013.8227
Weather,-16.4578,93.3844,34.2975,77.8946,1008.4624
Weather,18.0561,2.4363,43.8365,261.1984,985.7173
Weather,43.4987,59.1148,101.0007,214.35,961.9148
Weather,-4.9507,69.4208,115.403,355.0233,1052.3271
Weather,39.8007,10.9628,29.1988,457.9153,1014.1582
Weather,40.3104,5.2489,103.6734,476.2335,1025.4653
Weather,-1.063,78.4233,36.4453,77.7132,997.1145
Weather,28.4612,38.3009,120.0,134.1345,1031.4009
Weather,-3.7955,8.3051,72.465,408.7892,1017.4502
Weather,27.9931,75.292,3.4074,269.5969,956.5673
Weather,30.0296,85.2389,7.2367,230.9624,1046.3127
Weather,-3.0992,57.6611,14.9743,350.0403,983.9018
Weather,25.5944,16.708,23.1969,303.5265,965.0326
Weather,33.8292,1.2518,90.4779,478.6333,955.4844
Weather,2.005,69.7944,24.7569,297.4823,1025.4465
Weather,-8.7846,55.4285,116.5889,227.3953,1029.8714
Weather,-13.9715,66.05,76.8056,257.4287,1028.6384
Weather,16.6165,82.7345,79.2333,392.9689,1047.4668
Weather,45.0,47.3889,26.9629,294.5876,988.1046
Weather,33.5354,14.1791,106.5225,318.2434,1010.1501
Weather,7.7814,91.0374,83.4928,477.2465,1020.54
Weather,15.2687,52.3585,106.5192,308.9767,1058.7277
Weather,-3.7231,60.9801,112.7233,186.223,981.9279
Weather,-6.2135,91.8153,18.2275,350.8248,1055.461
Weather,9.9239,93.9394,12.8768,333.557,966.2703
Weather,10.8449,58.2026,95.8851,3.6848,1033.9557
Weather,14.0049,28.7941,102.7059,246.0878,1018.4952
Weather,43.4669,100.0,67.297,362.1874,1039.9132
Weather,19.4845,70.9901,40.9969,259.5852,951.2837
Weather,18.5454,37.22,73.9304,391.3721,955.9812
Weather,-14.0938,53.1259,36.7298,221.4979,954.9241
Weather,42.4576,43.7779,23.6622,500.0,1012.9175
Weather,29.9255,90.5702,56.4978,152.0173,1017.252
Weather,38.7997,49.2552,27.5149,35.3052,1050.6604
Weather,4.7557,82.3747,61.6283,218.6457,1004.6495
Weather,15.0425,83.8114,112.0366,274.4844,956.9828
Weather,15.3485,83.5064,102.2371,184.6207,974.5913
Weather,-9.1372,72.5718,112.2525,126.9942,950.9916
Weather,23.4061,88.1032,95.5206,342.5984,1036.0977
Weather,37.4137,37.3605,42.9413,184.1487,1041.4943
Weather,-8.97,11.5023,95.8738,313.5872,1060.0
Weather,-14.4624,86.0261,110.5479,387.0143,995.58
Weather,27.8625,50.1457,113.8145,364.5143,950.773
Weather,-2.8979,14.0839,84.7691,200.5212,976.427
Weather,20.7827,12.8485,28.67,272.7575,1017.656
Weather,26.3126,15.0746,3.331,227.5163,1056.1995
Weather,0.7575,73.056,17.0162,432.0917,960.5239
Weather,32.1229,69.5901,117.7957,436.9949,965.1801
Weather,17.039,18.2143,55.0173,178.6462,1024.1462
Weather,36.1972,80.9804,104.3127,38.0656,1022.6009
Weather,30.3316,30.313,57.9706,88.357,975.398
Weather,36.3275,75.5265,81.7442,188.1621,1039.1787
Weather,-17.279,52.6035,3.1076,274.369,966.9079
Weather,-2.5689,72.0993,27.1914,337.5051,1053.2415
Weather,-12.5917,37.5821,51.9493,179.3598,968.004
Weather,8.018,31.6843,74.4582,353.9968,957.5876
Weather,37.1167,84.9051,22.4477,466.2497,984.0495
Weather,11.526,3.0084,95.4073,327.9183,972.9908
Weather,35.1474,97.5959,47.4573,81.8045,1006.6821
Weather,1.2221,63.2437,100.2175,296.4922,1025.7201
Weather,1.1687,44.21,9.5128,288.4332,1004.2743
Weather,40.0438,61.1576,84.9384,440.2183,1023.1197
Weather,9.0308,12.4316,36.2231,180.2921,983.7772
Weather,31.1801,52.3292,93.4665,200.5261,953.866
Weather,-5.4572,100.0,50.3291,319.816,1055.9404
Weather,40.7755,25.1387,79.3114,257.4592,1041.9962
Weather,17.5208,72.4076,107.4377,332.9121,958.5221
Weather,29.8588,43.4812,0.1225,0.0,1000.7991
Weather,-15.3026,65.8726,1.1772,285.0088,1018.2501
Weather,10.4048,22.0221,92.1821,48.1048,968.4817
Weather,38.6711,45.5579,75.0113,158.1423,1015.5375
Weather,38.1316,99.8157,36.9601,315.866,1009.9408
Weather,-16.8611,17.6547,60.575,81.7575,973.398
Weather,-0.5838,64.5571,1.5864,160.0637,966.0188
Weather,7.3468,58.6426,29.4136,353.2616,1034.4112
Weather,-9.627,55.162,48.0246,318.4393,982.6415
Weather,28.5918,58.4276,98.9867,54.3055,979.2107
Weather,-9.6359,49.6947,58.461,284.6406,1030.8277
Weather,4.8361,0.0,69.2726,71.7437,1030.6914
Weather,23.2238,89.653,108.3407,121.0387,979.4843
Weather,9.2736,80.2014,36.6376,226.9265,1040.5495
Weather,28.6613,23.6433,81.8718,73.3859,1026.973
Weather,43.0638,43.4447,104.8749,496.774,985.8376
Weather,-12.9934,77.1993,17.3553,69.9885,997.2616
Weather,27.343,100.0,44.0585,381.0638,1028.1336
Weather,-5.8334,96.5238,120.0,412.1576,972.5185
Weather,7.7626,87.6088,112.4502,489.2856,1000.6856
Weather,-17.9091,14.5865,25.818,223.8232,1020.0361
Weather,-11.5347,93.5064,4.0227,422.8778,1008.8479
Weather,2.5314,85.9234,32.5421,477.5791,1015.8581
Weather,3.5077,38.4856,53.1123,96.5534,1007.7944
Weather,37.0333,40.8018,53.4709,233.4171,974.4953
Weather,28.7122,45.4696,73.7321,34.396,993.3594
Weather,45.0,65.9222,101.1618,309.9587,1009.755
Weather,20.7192,27.7471,36.9871,290.3875,1037.277
Weather,-5.4708,3.863,101.6789,107.1821,1023.9621
Weather,3.3724,15.0193,11.4411,380.3628,995.7249
Weather,1.9984,43.9857,5.8484,30.668,1056.7468
Weather,-0.141,29.375,62.3288,384.1438,961.4883
Weather,24.0126,72.4086,4.9859,24.6818,973.9084
Weather,15.1235,13.6202,47.195,332.7545,987.0112
Weather,3.6526,91.4814,106.4222,44.1162,976.1516
Weather,-9.3912,88.0628,26.7259,141.7584,1018.2359
Weather,-15.4023,92.0746,82.6246,372.7912,956.8084
Weather,-4.001,75.1039,37.5819,148.3442,969.4922
Weather,-12.8038,8.7471,0.0,252.6416,981.9776
Weather,30.6881,43.9488,62.3507,454.017,1025.915
Weather,-12.2607,13.2152,107.7837,33.2319,1049.9432
Weather,25.8071,98.7141,47.5414,410.0684,1036.5027
Weather,4.447,36.5519,77.6005,35.6477,972.3156
Weather,-17.7807,58.4927,107.8477,62.828,1010.3959
Weather,33.3924,77.6795,93.4156,55.5815,953.3989
Weather,17.2372,90.7009,24.8424,483.1512,982.4105
Weather,-3.872,73.9051,88.1995,96.5287,1037.8413
Weather,38.31,68.2345,59.7974,446.5641,998.7404
Weather,-18.3723,45.6585,89.4104,492.9993,968.0296
Weather,-6.6211,60.1642,60.2875,173.7668,997.1469
Weather,27.9555,9.8127,13.7033,316.4513,972.9501
Weather,28.2616,88.5196,67.2327,375.9119,992.092
Weather,-2.2939,54.6477,56.71,191.9762,1003.6495
Weather,-16.5795,4.2761,59.2527,88.8341,991.6581
Weather,34.4574,93.2394,109.9085,217.5141,1051.4265
Weather,-1.0399,54.2123,105.2054,384.89,1010.28
Weather,-7.2395,89.3175,56.8211,383.1152,1042.1765
Weather,11.9249,84.9642,53.8339,109.794,1033.6415
Weather,38.9205,84.0062,63.1196,103.3365,1024.0941
Weather,-16.6104,4.0327,62.3461,468.0777,1004.7523
Weather,29.2265,23.5741,109.7474,17.3785,950.7785
Weather,14.3469,88.9686,77.9975,366.3139,1014.9419
Weather,9.3883,91.2508,34.7486,25.684,989.8188
Weather,28.7118,47.01,61.4925,423.3309,963.6761
Weather,43.1407,42.8236,80.8389,452.4642,1000.3864
Weather,-5.4033,16.3472,78.7219,131.0058,1030.1885
Weather,-9.6088,97.1034,72.2008,36.653,1055.7697
Weather,40.5567,20.8093,23.5536,239.4174,992.7055
Weather,24.8313,20.87,0.0,169.8045,1007.3706
Weather,8.8184,65.5182,42.2328,235.4856,1039.6879
Weather,15.4731,23.6708,56.7652,338.9144,984.3002
Weather,28.9916,90.6255,9.2391,98.1417,964.2418
Weather,30.5947,2.8414,97.1654,185.2659,983.3663
Weather,39.0799,1.2201,38.6125,374.2963,1053.3679
Weather,6.7024,45.9157,106.7275,316.5542,965.5325
Weather,-0.2223,49.6963,15.3326,146.8739,986.0291
Weather,21.4796,15.534,5.8712,337.6563,999.9513
Weather,6.5152,51.0038,55.3144,370.5498,1044.2411
Weather,20.823,40.9559,22.3308,293.3729,1053.7642
Weather,8.1721,87.4242,112.9774,119.3071,994.9106
Weather,-9.4904,4.3835,0.0,0.0,1051.1484
Weather,12.0967,100.0,47.6781,396.6958,967.4459
Weather,25.3392,62.0679,109.82,414.6839,969.9603
Weather,31.0381,15.9296,44.6728,336.2599,1052.9793
Weather,11.5597,3.7575,11.2161,55.6833,1002.6518
Weather,-8.308,50.3976,36.6469,282.2705,973.3165
Weather,7.767,26.1244,58.7429,410.9073,1004.773
Weather,31.6893,28.5211,20.6043,201.0838,1033.5949
Weather,5.3568,27.0603,55.9379,105.8275,1041.6352
Weather,26.3319,66.4117,103.8227,301.5673,1046.8223
Weather,12.8844,55.9272,101.2211,397.2256,1012.859
Weather,-3.5406,7.7156,8.6273,15.2611,1048.3617
Weather,30.6706,54.0555,15.3876,299.8342,1007.325
Weather,-11.9703,77.2582,33.9032,326.3986,1017.4487
Weather,14.4396,10.7883,73.903,313.7548,1033.9077
Weather,-6.9649,89.2603,40.143,319.8767,997.0968
Weather,-14.8007,60.8207,102.1267,306.6377,960.0257
Weather,13.8062,94.8178,83.4896,59.7336,988.1892
Weather,13.2958,15.0991,14.8635,140.0627,1020.7228
Weather,24.6553,99.8843,71.1067,324.5013,971.8428
Weather,29.8943,65.5793,11.4196,7.1517,966.5546
Weather,26.8581,60.3712,30.9196,330.2203,981.5612
Weather,6.6004,50.6518,23.052,326.9685,952.8751
Weather,18.1885,2.1096,20.99,129.1326,1032.4784
Weather,16.8982,93.9254,75.1558,285.2772,980.6875
Weather,6.7901,59.7686,66.3145,270.6099,964.7759
Weather,19.4046,8.0528,18.5047,140.5405,1025.3324
Weather,40.8886,1.1155,120.0,228.2207,1039.2044
Weather,-9.57,10.3546,51.8174,460.9464,953.8138
Weather,39.1922,61.4565,10.4778,207.6858,981.5985
Weather,-16.8509,62.3885,10.4993,317.9575,1053.3687
Weather,-0.9018,47.0294,73.0029,12.86,991.358
Weather,-1.1568,30.5511,120.0,47.0914,1055.0503
Weather,18.4001,55.0465,68.1122,28.0104,978.2694
Weather,-10.6638,56.6635,112.2995,378.9682,977.2791
Weather,37.115,0.573,52.6736,188.1855,974.459
Weather,33.5084,24.6158,51.795,89.2111,959.3166
Weather,23.6229,3.7678,61.8478,367.2522,1046.9045
Weather,9.1003,88.4728,80.9602,83.5592,1059.7224
Weather,40.9784,70.9984,42.7133,126.7763,1054.0187
Weather,33.8302,100.0,103.2255,210.6877,1045.2834
Weather,16.6362,30.9027,4.1339,154.4614,1044.0357
Weather,26.2567,85.5917,54.851,304.9589,1025.5605
Weather,15.3666,63.1378,62.0654,179.4529,1041.2333
Weather,20.4941,49.0986,77.0489,192.6829,979.7736
Weather,2.8693,18.8473,30.7489,413.5366,993.8913
Weather,10.0939,76.1945,54.8055,445.3274,1020.8138
Weather,-15.4906,90.0738,55.8552,415.6731,1045.3689
Weather,1.5034,21.6468,81.4805,425.7449,1024.5803
Weather,25.7886,14.6286,93.7546,265.3137,1041.4859
Weather,41.0813,68.7166,91.3662,320.4011,1000.4312
Weather,41.4552,96.6536,40.0452,286.2521,1027.8723
Weather,17.13,75.2905,120.0,401.9657,1057.3752
Weather,21.4388,32.7502,101.0823,275.0584,971.8333
Weather,-8.5473,40.9797,25.6934,49.3037,1052.6047
Weather,26.2427,35.6186,23.3205,412.1347,1006.0058
Weather,-15.1313,84.5491,34.7029,368.9225,1023.1493
Weather,-1.029,79.2211,57.333,396.6024,1046.9803
Weather,22.3794,58.4022,105.1641,94.3301,997.9104
Weather,-0.1059,28.7989,91.3971,151.273,1000.2621
Weather,-18.1856,94.1388,99.7743,163.7154,1004.7081
Weather,32.4822,65.4539,31.1253,240.8625,950.0
Weather,0.8452,100.0,72.4931,62.566,1009.0145
Weather,-16.5797,56.0754,35.2772,217.0298,980.5075
Weather,-16.3284,80.038,21.2621,84.1949,1048.3382
Weather,-5.208,79.493,81.3629,148.5787,958.4962
Weather,-10.3968,34.4235,17.379,362.9539,998.3965
Weather,27.7862,96.5089,84.7599,439.3142,1052.522
Weather,1.0537,3.6144,78.4429,6.9944,1050.9965
Weather,28.8896,76.719,94.6184,278.7859,1026.3577
Weather,-8.0873,96.1645,17.5673,8.9237,1011.2704
Weather,12.6407,34.5491,95.7092,50.6129,980.952
Weather,24.5936,68.204,119.0931,336.1769,988.4927
Weather,22.4758,53.8977,104.0338,366.17,959.3663
Weather,18.7024,74.3104,91.9125,423.3351,1036.0493
Weather,40.4062,86.7,78.3596,243.0662,987.4857
Weather,-4.8682,64.3694,54.3379,439.9301,1022.3442
Weather,13.7837,79.4472,85.7794,66.9787,990.8705
Weather,39.4522,31.2086,87.9509,114.9174,997.5671
Weather,-12.9841,21.1039,74.3347,79.0926,1013.0276
Weather,-17.4043,43.8631,91.4904,400.0265,1041.0614
Weather,-3.8503,63.6451,54.7118,103.9411,972.7207
Weather,21.8043,16.6524,19.1807,84.0195,992.0633
Weather,-3.9515,70.5919,66.9589,306.2198,961.9383
Weather,-8.7867,39.428,28.221,63.9166,958.2776
Weather,9.3324,78.0668,46.6649,28.4405,1019.1895
Weather,18.5047,3.592,0.1249,44.1327,969.8633
Weather,-5.6498,66.6717,48.464,8.9306,959.0231
Weather,0.1915,66.1038,96.5074,364.6428,1046.1477
Weather,19.9239,89.942,60.8725,281.0581,1008.0012
Weather,41.5089,69.2634,2.3965,97.2582,964.7132
Weather,25.0629,77.7204,56.8826,116.9457,956.3529
Weather,30.6341,91.7179,34.2545,399.3563,962.4525
Weather,4.9221,67.4926,54.813,248.3269,1004.5897
Weather,-3.2641,31.8966,52.8571,335.3757,1026.3083
Weather,8.5586,88.6357,110.7529,235.1299,1020.1562
Weather,32.4818,74.066,7.0943,107.3662,964.7414
Weather,12.4172,42.3447,80.9187,491.283,1018.3629
Weather,36.7082,73.6407,103.7572,279.7828,996.8109
Weather,45.0,89.6353,115.2369,67.72,999.6588
Weather,-17.1018,97.3739,21.3836,198.298,1034.9423
Weather,-16.8597,93.2651,61.773,166.6309,983.6882
Weather,-9.2092,28.3311,6.4983,111.3702,967.6372
Weather,7.695,37.9672,63.2743,463.2114,1043.0761
Weather,-13.6711,11.8978,12.5725,423.1646,972.4567
Weather,37.5434,25.6584,98.5501,102.9437,982.568
Weather,-17.1118,86.8913,20.7314,179.9822,1024.0243
Weather,1.1138,38.688,59.1908,366.8303,1025.5915
Weather,-9.7503,61.6414,61.2005,94.4422,1037.33
Weather,40.8793,65.4198,119.9189,292.3045,966.0293
Weather,24.0737,80.5253,81.9909,326.9483,989.1803
Weather,39.5131,20.3571,28.7134,334.0652,964.7179
Weather,42.3109,30.3781,30.7329,348.3163,1009.9206
Weather,11.2599,45.8687,14.9218,356.2355,983.2923
Weather,-4.1762,37.7715,90.4233,471.7802,1026.3508
Weather,-8.2869,100.0,85.6871,193.4243,951.6442
Weather,-6.3599,83.232,72.3496,425.0893,954.4842
Weather,25.877,45.6089,3.6722,5.9188,994.5086
Weather,-17.1633,89.1778,90.7678,156.0923,1052.8453
Weather,-15.3112,34.8897,76.1887,12.8337,1046.2069
Weather,17.9744,78.8075,116.5003,326.5122,1060.0
Weather,20.0504,22.3051,73.6402,56.6636,994.084
Weather,22.7454,74.0496,37.5004,407.7887,953.9746
Weather,1.832,46.1681,45.7516,316.6093,983.1397
Weather,33.1489,10.0316,22.4122,16.3093,1023.5499
Weather,12.0939,26.7081,88.6222,361.9219,968.8615
Weather,-12.2251,39.4311,86.3138,422.7945,979.2006
Weather,33.2532,74.8509,22.4765,348.9662,960.9861
Weather,42.287,7.8192,20.0378,20.0715,1002.5647
Weather,-18.5122,65.8961,4.1537,436.7263,975.0965
Weather,5.5758,73.911,113.1185,373.4118,960.0821
Weather,10.6528,66.9045,31.643,173.5926,997.0273
Weather,-12.042,75.9208,43.4342,163.1674,986.5572
Weather,37.1543,15.7461,36.6508,239.7477,1006.146
Weather,-0.5334,59.8714,49.457,431.0073,1038.0991
Weather,32.567,93.4847,83.8847,128.1043,966.5922
Weather,23.2444,60.7369,101.4621,29.4089,1034.7055
Weather,19.0965,58.4963,24.3314,433.599,954.4683
Weather,-5.3457,74.4711,80.568,10.1118,1001.2885
Weather,-2.9304,38.5072,41.4104,434.3381,1016.0697
Weather,-15.5179,69.035,118.2012,157.0968,1054.8115
Weather,-4.8086,92.8686,35.7804,242.2994,1017.5854
Weather,2.4633,3.5813,1.4986,62.3425,968.9753
Weather,33.9228,85.9653,57.5373,448.5835,1004.8882
Weather,4.7328,17.0115,17.5273,356.4562,992.6851
Weather,27.9849,46.9834,7.3173,444.7343,1000.3752
Weather,8.9815,85.3934,82.7559,347.0683,971.4444
Weather,31.4407,83.0139,85.8019,86.3087,1004.7835
Weather,43.9565,89.3025,57.5754,150.2044,968.1662
Weather,-5.7394,96.3613,80.2081,244.1527,1033.4742
Weather,36.3736,44.5206,65.0315,286.0469,1016.184
Weather,22.7187,69.9781,75.0711,459.1527,959.4331
Weather,32.5301,40.4439,71.6034,190.8695,1050.1528
Weather,22.6907,37.0946,83.5698,369.1814,1017.3049
Weather,5.1621,43.1727,25.3283,471.3015,979.507
Weather,-4.8464,74.9293,29.3125,84.0758,959.6648
Weather,-15.1662,46.7648,51.9026,431.3368,1017.5413
Weather,14.9601,80.252,52.5451,198.9971,992.6085
Weather,45.0,76.6772,93.4487,359.8815,1049.0886
Weather,27.61,1.9141,46.2683,155.4318,956.9122
Weather,2.8068,60.7741,19.577,174.7621,952.1855
Weather,32.6202,42.2887,30.1818,8.3638,1052.8592
Weather,31.8602,44.2783,20.4123,489.1393,1055.041
Weather,-1.4172,81.7595,90.9769,396.3561,954.2711
Weather,-19.1631,53.0924,56.0379,45.1934,1029.2543
Weather,-14.1808,91.4083,85.6564,495.4585,975.6079
Weather,35.5823,71.697,50.5614,311.8301,1027.4321
Weather,34.8327,52.493,104.9221,431.4927,1047.6111
Weather,-1.7433,78.5261,117.4371,26.5697,963.1788
Weather,-0.1687,3.7433,78.5161,188.9607,979.5962
Weather,31.9099,3.7204,106.9775,334.5351,953.4049
Weather,39.1004,8.9484,55.6147,51.604,955.5671
Weather,31.6333,44.5914,109.8665,241.6562,957.1454
Weather,19.1515,22.858,99.0174,217.8194,1040.7093
Weather,-4.2859,99.0877,120.0,121.812,983.9534
Weather,15.5316,53.9305,76.47,145.6157,1001.1854
Weather,-6.6343,66.9658,89.5735,486.559,1032.9588
Weather,31.0587,27.5106,64.867,168.5509,1005.7918
Weather,5.5757,31.5996,32.8256,98.2482,998.6502
Weather,31.9819,30.6221,47.9152,270.0318,950.0
Weather,4.0153,69.8632,106.4653,337.9237,1013.2629
Weather,34.8417,47.8198,3.8711,362.4356,961.7128
Weather,1.5243,55.4661,71.7513,377.5347,1035.3701
Weather,6.8219,60.159,44.5942,9.6264,979.6672
Weather,20.2526,75.4318,47.515,200.4686,1025.4624
Weather,-15.9577,7.0076,107.8057,368.6067,1021.8228
Weather,40.7205,78.2223,103.2265,470.4044,1017.1872
Weather,21.9078,54.8336,73.1288,318.2305,978.899
Weather,13.7556,65.7726,36.6759,22.8611,981.9299
Weather,34.1921,31.2589,56.3562,208.8404,1045.8481
Weather,37.4424,40.2815,46.0566,34.1799,952.4826
Weather,13.5686,24.5888,43.1877,374.367,970.1578
Weather,39.5985,93.9503,9.2591,24.9434,1018.552
Weather,-15.4028,52.2896,62.4818,101.0633,1041.9847
Weather,-11.979,99.1994,34.2467,202.6663,988.0365
Weather,19.9947,47.7104,76.2952,239.1757,1023.1828
Weather,4.865,23.7506,41.109,202.8204,1010.7898
Weather,11.7184,50.3327,51.857,231.5259,957.7899
Weather,2.4387,1.8658,7.9795,341.7064,1020.23
Weather,7.5542,87.4333,120.0,185.2329,1036.3356
Weather,35.0121,83.2459,60.4094,262.4168,1056.7849
Weather,19.4987,74.1015,5.2137,152.3006,951.8097
Weather,42.7664,60.1566,63.7895,196.2114,1020.9996
Weather,31.7941,60.6261,104.0394,293.0039,995.2433
Weather,-0.4216,99.7445,91.0074,243.7783,954.7999
Weather,-3.8612,30.4558,87.4695,355.1632,1020.1723
Weather,1.3237,76.0537,16.4786,269.8661,962.1897
Weather,34.7337,55.9809,80.3637,393.8746,993.5539
Weather,-17.9792,96.5608,90.5603,236.4123,978.6553
Weather,-5.7598,81.9812,70.7231,262.8817,990.4842
Weather,38.8941,100.0,108.9846,324.5222,1002.0386
Weather,22.2605,59.4192,29.3376,114.6311,986.6075
Weather,-7.8683,18.9359,29.0673,183.7748,1012.4117
Weather,-5.6584,50.391,104.6289,305.6374,976.3237
Weather,35.5728,70.255,74.3285,0.0,1021.0395
Weather,35.8753,75.8285,3.497,239.804,1047.4202
Weather,-2.618,0.0,39.4544,310.4082,974.122
Weather,7.7379,50.121,101.8668,477.1709,1005.3613
Weather,34.4631,21.9921,1.2399,441.3567,1025.2469
Weather,30.9091,85.9385,2.8616,136.3712,1012.1463
Weather,33.3222,16.9197,31.2824,263.0646,988.4542
Weather,12.7366,67.4925,105.2818,24.7946,1022.2605
Weather,40.1906,28.4936,109.2126,118.4295,952.5842
Weather,2.3494,35.0867,61.9174,380.8074,988.8799
Weather,-11.2279,91.8805,68.8853,67.6959,1008.7847
Weather,27.2123,22.897,41.7906,150.9385,954.0862
Weather,14.6894,11.5549,29.1464,469.1787,1003.2912
Weather,36.3447,3.7277,94.363,408.9706,1019.3666
Weather,-14.5271,53.3509,9.8799,390.6625,1033.3367
Weather,34.6164,61.9508,54.2269,434.8808,960.0511
Weather,-0.2349,34.2887,75.7958,371.8131,1056.1548
Weather,22.1325,66.9851,10.8607,56.3705,1016.6919
Weather,-15.9872,4.913,61.9191,259.1059,992.3847
Weather,21.2409,81.6185,69.7191,204.6113,979.1339
Weather,25.9115,85.3643,93.6554,150.1018,1012.7834
Weather,3.7514,99.6993,29.5744,397.0103,1049.8099
Weather,-6.4847,94.9179,35.3705,227.1429,1011.0791
Weather,15.4338,34.634,64.587,20.6662,1023.8426
Weather,35.8605,38.066,118.0381,143.7526,988.541
Weather,-1.1373,76.1495,28.2156,106.9584,996.1345
Weather,-5.4333,11.002,119.2465,440.0843,984.8201
Weather,-1.9778,31.0672,83.2062,302.2405,1028.1776
Weather,41.9353,9.3526,98.2264,290.4121,992.2009
Weather,2.1293,45.7365,10.933,242.4606,969.26
Weather,-19.5308,51.3666,35.071,320.2298,986.0861
Weather,29.846,18.1549,5.4473,385.2187,1041.7844
Weather,24.8721,0.9435,39.4324,285.0108,1031.6622
Weather,-9.9925,73.1651,115.9111,458.0346,986.6473
Weather,43.5727,0.9379,13.2355,493.6865,1051.8651
Weather,19.0551,99.3075,69.585,486.1839,954.9631
Weather,12.722,25.1621,0.9113,337.0187,952.2475
Weather,6.2642,65.7727,88.0646,458.4677,965.6988
Weather,38.3578,40.5183,23.4746,192.0887,959.651
Weather,-4.8681,7.8987,13.4436,430.1487,959.0661
Weather,-0.6722,44.1352,39.3045,447.352,1022.8017
Weather,-10.9867,49.8695,93.7229,472.256,1014.6616
Weather,30.8308,82.0662,12.1502,409.2454,1022.5079
Weather,18.6643,75.1612,26.0387,191.38,1021.1842
Weather,20.207,9.0744,0.0,70.4652,1037.287
Weather,-4.7719,24.1528,114.0662,166.8044,972.0632
Weather,22.5624,30.3063,70.1045,384.7641,1018.0788
Weather,31.4701,9.9928,84.9928,119.538,1019.7312
Weather,4.1096,44.6403,75.8269,248.2511,1050.8108
Weather,34.5353,95.7654,21.0615,265.9907,973.2612
Weather,3.8644,54.3186,72.8338,311.5009,959.5494
Weather,26.7743,80.9415,21.031,458.7237,1018.4602
Weather,-18.3254,66.8462,44.2959,334.763,1032.5084
Weather,13.7225,86.1765,69.0271,410.3604,979.8177
Weather,42.1888,21.2614,66.0227,282.9566,1009.2378
Weather,43.2981,76.2661,14.336,408.3934,957.708
Weather,-0.5567,90.2549,8.5742,121.589,1056.8287
Weather,8.1194,14.8648,91.6133,101.559,962.0948
Weather,-14.094,33.723,85.7362,475.8138,961.9848
Weather,35.8981,99.4165,8.0228,335.5974,953.1548
Weather,16.5822,79.0965,13.9218,330.8253,998.9064
Weather,3.4199,28.9137,102.0444,243.405,961.4077
Weather,-10.792,57.4135,95.3804,194.5881,1034.0487
Weather,43.5917,41.6484,120.0,272.8484,1047.7672
Weather,14.2925,51.312,31.875,58.174,975.5778
Weather,-3.5346,37.0242,55.3243,236.5148,1017.6646
Weather,2.4933,27.8316,29.0415,243.5015,954.5169
Weather,-2.1029,68.1824,76.8144,286.1784,994.0201
Weather,18.2923,77.7193,14.7818,331.1408,982.2617
Weather,43.5037,85.9034,15.1507,471.9586,975.6213
Weather,38.058,15.4297,12.0119,344.2708,1024.7158
Weather,7.6513,82.0579,81.5284,434.4738,964.2718
Weather,32.2225,22.0839,58.8835,261.6406,1043.5069
Weather,8.0982,44.2835,75.6292,314.5876,1024.1007
Weather,-4.9935,92.0333,106.2789,49.6806,1024.4061
Weather,44.1598,46.538,90.1833,73.2681,1049.1084
Weather,-0.2334,21.4758,56.6872,289.0981,1053.3661
Weather,0.9906,15.635,119.3824,200.7701,1008.6294
Weather,45.0,46.2702,53.8752,404.7266,1003.1537
Weather,-8.9451,78.1651,11.8201,273.0646,988.9485
Weather,29.9496,97.6029,119.4477,438.1919,1029.8706
Weather,39.2521,76.554,6.3653,478.7584,1009.0336
Weather,13.4537,88.5975,65.9264,74.9408,1052.7988
Weather,-20.0,75.6248,38.53,196.1884,975.3149
Weather,6.9688,91.4037,60.6961,332.5266,985.9963
Weather,-11.8469,4.2085,71.9265,163.2043,986.5135
Weather,7.5755,92.7977,28.4805,131.0398,1040.8399
Weather,32.1962,37.3799,68.2699,404.788,962.9733
Weather,8.4664,93.872,89.002,492.0883,1000.2403
Weather,9.7028,10.2408,29.2921,413.1602,995.4978
Weather,15.4492,72.5333,45.9946,250.9193,957.6773
Weather,19.0579,72.4532,35.0238,232.1744,995.4442
Weather,37.7289,98.1939,99.9878,266.8339,1004.9887
Weather,-1.015,76.0619,81.9905,230.81,960.7472
Weather,33.8476,36.5751,106.3024,238.3224,1009.6815
Weather,17.3272,55.4064,16.7307,120.5312,1055.252
Weather,-1.8624,35.1534,10.8455,454.0963,1059.9485
Weather,-2.5965,16.8386,15.6326,383.8558,1009.7168
Weather,2.2831,25.6115,18.9627,325.5005,1005.5681
Weather,20.4074,23.1167,65.7153,468.5398,982.3123
Weather,-4.4527,58.2804,115.8755,146.3219,1057.9793
Weather,39.3412,89.7497,43.2267,38.9699,978.2292
Weather,19.8792,87.4923,111.5692,417.5361,1000.8683
Weather,41.1351,7.107,3.9692,500.0,951.3981
Weather,-16.3952,9.8455,113.4419,294.2624,994.3425
Weather,1.7102,26.7959,18.5435,24.9172,957.5164
Weather,-18.4267,28.4486,111.4617,383.7204,1030.657
Weather,-0.8716,12.46,1.9024,29.2211,1013.7416
Weather,37.2264,36.8928,110.9313,265.7306,1012.8838
Weather,-16.4384,61.8687,23.3403,134.9114,980.0915
Weather,7.9548,57.1601,36.6943,458.7025,1038.3498
Weather,-13.0379,55.9398,57.5386,230.9488,950.0
Weather,5.2391,34.3862,44.2465,453.5862,989.0159
Weather,35.2125,68.7001,82.7605,150.8617,1023.4943
Weather,18.5255,84.9691,119.8298,195.6929,1048.038
Weather,27.869,33.7152,71.7526,498.9163,979.8441
Weather,2.1454,12.2711,85.6324,93.4329,1007.5248
Weather,41.6751,28.1065,9.8717,288.882,1007.5569
Weather,27.6173,11.728,80.6601,176.4024,1048.7266
Weather,9.1767,45.4101,54.5027,383.2543,958.8515
Weather,8.6333,18.5839,110.0643,55.6602,997.4701
Weather,38.7209,43.1501,48.3422,211.3089,967.2319
Weather,17.4373,23.9264,81.2828,337.6087,952.5818
Weather,24.7788,77.5378,25.8247,189.9869,963.1659
Weather,6.2568,2.4181,32.9948,30.489,1060.0
Weather,-4.8328,54.6885,43.248,359.6595,974.2651
Weather,25.7649,17.1086,35.56,243.8839,1054.6167
Weather,18.9178,0.0,32.0467,0.0,971.7634
Weather,11.1966,92.2165,5.3828,307.4388,1056.4149
Weather,21.4171,68.4924,99.4617,464.6351,1020.9028
Weather,-6.9302,7.4533,6.9771,62.2503,960.5646
Weather,28.7248,64.7929,104.8358,285.1229,1014.6814
Weather,43.7543,61.523,16.1346,358.2753,986.9727
Weather,39.2391,44.7468,7.9184,24.2881,996.83
Weather,-1.7266,38.9172,64.3058,3.915,1001.9703
Weather,7.3457,89.2945,59.1231,224.2002,999.127
Weather,34.5257,26.5268,58.0672,390.4955,1021.5445
Weather,18.4402,41.6614,68.0428,77.8453,1032.9665
Weather,15.8082,32.7921,35.8846,419.4654,984.2783
Weather,39.8174,76.5711,77.8686,319.8334,1051.3486
Weather,15.5173,91.7499,66.7776,164.6893,1049.0221
Weather,14.8141,86.9624,43.4945,248.8446,957.48
Weather,-18.8172,77.2569,102.4938,465.2353,950.0
Weather,-16.4059,97.1242,84.8457,113.6246,994.2315
Weather,-19.3855,68.9589,42.3599,243.1397,1014.0781
Weather,39.7642,74.6209,100.9004,294.9124,977.6163
Weather,7.0748,98.1713,111.1355,74.6124,979.953
Weather,10.2062,0.6493,64.0353,19.2529,1022.4915
Weather,33.8035,64.7529,24.5227,11.2581,1017.2907
Weather,20.8819,70.3715,105.7167,166.5301,970.4209
Weather,18.0295,88.5798,21.1244,26.0301,1046.0865
Weather,-1.3652,87.054,5.2274,411.1898,1023.219
Weather,34.2272,85.9232,38.1096,480.3327,988.1186
Weather,-8.5904,93.2752,86.0334,26.6802,1022.8178
Weather,-16.9247,53.6558,108.877,211.7293,961.4671
Weather,-6.5668,0.9483,80.4459,5.0999,1001.6564
Weather,-0.9711,1.7376,115.9209,79.2561,965.5456
Weather,-2.4595,57.5931,13.3789,164.4738,953.1451
Weather,24.0924,44.9165,7.9451,182.7678,987.563
Weather,-5.5214,47.1194,69.2988,457.257,966.6572
Weather,23.5395,39.7869,117.7062,219.4607,1013.8192
Weather,-16.5545,94.7196,63.5623,243.3702,1025.5415
Weather,-9.9714,36.0603,9.7676,114.8312,969.0807
Weather,13.6767,81.7121,28.043,11.6271,951.4476
Weather,41.3367,95.2033,29.3775,431.8961,1033.3924
Weather,35.4363,50.0425,40.5383,54.7275,950.0
Weather,42.1018,45.7533,6.4775,474.1458,986.0839
Weather,21.0922,73.9648,104.6487,70.571,1007.0438
Weather,20.0303,75.1914,63.4003,297.6503,1037.6446
Weather,20.1004,31.267,79.3461,483.9617,1041.4538
Weather,24.0797,9.4843,13.3635,71.017,1033.4355
Weather,-8.785,23.4271,5.7727,221.4495,977.5459
Weather,14.0532,13.832,70.843,366.7278,1029.6509
Weather,4.4253,28.9102,106.8228,4.5377,976.8967
Weather,8.0876,23.095,61.7567,357.2703,975.7578
Weather,15.8521,63.636,106.4358,44.1629,1011.073
Weather,-8.7624,95.6392,98.14,122.9001,1028.7518
Weather,3.4834,68.0794,11.5572,89.3469,960.1536
Weather,-15.533,89.0232,25.964,458.3467,957.2927
Weather,44.3549,78.9948,79.3744,91.703,1036.1769
Weather,-12.3163,70.2525,51.2551,31.3785,1044.9047
Weather,-2.8293,43.1846,32.9887,289.9118,1015.2424
Weather,37.9967,31.3686,54.2129,172.9247,997.4653
Weather,11.9975,86.483,53.6331,211.1117,1039.8122
Weather,-13.7858,90.5675,114.25,51.8827,1028.6033
Weather,4.3517,45.319,10.4512,388.3662,1015.4856
Weather,-14.007,3.4589,38.8328,303.6903,986.357
Weather,-6.0888,77.6226,62.2433,170.6196,971.4994
Weather,-17.6393,26.3153,82.7423,83.8516,996.9756
Weather,6.4504,2.1002,76.7376,282.868,984.864
Weather,30.1064,77.8708,115.3912,390.1576,986.4701
Weather,18.6722,50.1439,97.1005,152.4106,1003.562
Weather,18.2051,65.3628,62.2578,4.2831,969.9802
Weather,-7.1417,93.7726,24.3882,89.3706,1039.8592
Weather,4.4108,52.112,51.3557,333.2811,967.6796
Weather,35.4285,49.0108,79.8907,492.7422,1000.2754
Weather,-14.9525,26.4861,100.5165,2.9681,1028.7563
Weather,34.2378,29.7485,110.1006,138.8752,1003.9351
Weather,12.0053,79.3683,75.0541,31.2246,990.1413
Weather,34.2467,46.5549,65.0178,148.3193,1001.4523
Weather,1.4226,13.7087,6.0096,212.1761,1046.5366
Weather,-1.0739,8.251,6.0919,471.1223,1058.9257
Weather,30.333,50.1375,16.4088,37.7096,1022.134
Weather,28.7981,48.5776,9.0964,404.3283,1039.2109
Weather,-5.7025,63.9902,50.8103,196.3576,950.0
Weather,45.0,47.0078,43.6622,392.6265,1044.8888
Weather,-17.4118,18.2836,79.2525,268.5534,1052.1246
Weather,-15.6602,48.3923,64.8058,35.7822,1014.2174
Weather,18.3506,86.8364,70.4123,483.0492,1033.1344
Weather,26.9408,14.872,58.4013,33.7285,1009.3721
Weather,42.9207,68.8087,32.268,286.4881,982.7916
Weather,6.3411,57.7815,114.5917,435.3309,1040.8918
Weather,-20.0,76.8124,9.4528,64.649,1014.6355
Weather,19.3148,15.4813,113.3068,265.1779,1009.0892
Weather,-1.1936,92.9517,40.3295,420.3525,1023.15
Weather,8.0633,61.0187,60.6807,492.237,1050.3
Weather,14.4623,83.2144,11.8578,371.6052,1030.7975
Weather,-14.068,26.3201,8.257,126.5673,973.6663
Weather,13.9641,72.9962,48.7159,347.2902,1001.3125
Weather,8.1581,75.7172,90.5976,343.9029,1058.6157
Weather,28.6363,41.6673,32.6034,341.5715,1010.658
Weather,20.8555,37.8425,67.3968,434.4966,1054.5663
Weather,-8.428,63.0598,34.2268,32.4996,1037.7713
Weather,-7.3552,12.7664,43.0961,57.1086,1021.6544
Weather,-4.3293,74.7835,112.1351,320.8663,985.5867
Weather,-8.3145,4.3812,101.4536,467.4025,983.4036
Weather,22.984,18.6353,61.0227,225.5421,1018.3435
Weather,45.0,65.8537,30.6488,483.6207,1000.7773
Weather,24.6551,9.2309,24.649,468.7913,1036.9148
Weather,17.4523,96.6371,119.2878,451.8378,1029.3184
Weather,5.0785,85.6602,22.0096,452.5995,981.8364
Weather,-2.8568,62.4235,94.7298,446.1862,1027.5973
Weather,38.1252,80.6868,41.4063,409.7291,1005.8357
Weather,42.4077,89.2049,118.5996,361.8815,986.3408
Weather,11.3825,25.9006,43.5293,17.4949,993.6172
Weather,-2.6176,83.5402,40.5133,64.8179,1047.232
Weather,30.1737,19.3057,76.338,56.2976,988.0326
Weather,-11.893,42.4201,112.9049,7.5798,982.8605
Weather,28.6131,51.3131,120.0,49.1484,988.9546
Weather,33.428,72.5455,83.1866,451.9074,972.6237
Weather,-12.6264,0.5614,89.182,313.1977,1008.459
Weather,44.9995,28.1332,61.8797,155.9236,965.0675
Weather,43.8456,55.1925,86.7439,417.3573,1039.9375
Weather,40.4318,36.8682,101.7623,246.1464,977.7636
Weather,12.5823,76.022,57.5982,78.3376,1016.1966
Weather,-6.6127,64.1656,76.11,451.849,963.0123
Weather,19.4082,23.6215,60.8886,166.464,1056.7179
Weather,8.3161,10.6513,68.5817,347.2321,1003.7475
Weather,-7.6443,63.0288,108.3038,131.3304,1042.2532
Weather,6.0691,46.3432,44.2987,252.0048,1036.7044
Weather,21.8398,17.2441,27.4677,408.6852,1030.1505
Weather,-17.2236,31.8497,51.965,69.8268,1040.9003
Weather,-0.5336,30.387,26.2692,500.0,963.6861
Weather,-20.0,10.6622,64.0444,27.3416,1021.4055
Weather,25.276,56.208,111.7816,295.4782,982.6531
Weather,21.1722,78.8749,78.6327,462.0472,1038.0786
Weather,-16.1038,56.725,103.2303,472.6282,1056.3245
Weather,44.3733,83.0922,18.5225,135.4439,1047.4985
Weather,-17.2464,11.4217,102.0319,49.1621,964.6929
Weather,17.3932,44.3946,69.2319,359.3393,993.1699
Weather,30.1419,61.8618,2.5502,16.6513,988.5258
Weather,32.6473,67.2666,75.146,240.8081,961.9698
Weather,-18.3545,70.6167,112.2674,400.4388,958.5199
Weather,39.1387,72.9029,10.315,278.0216,993.5435
Weather,38.9116,65.0469,70.3623,108.0167,1058.9119
Weather,16.5414,7.6621,109.9557,247.8759,1017.2532
Weather,11.4442,69.8745,3.0481,465.4773,1015.021
Weather,-17.5372,71.3224,74.5824,313.2299,999.8967
Weather,17.9127,100.0,59.6186,347.8613,1022.8828
Weather,5.486,67.6498,38.7496,170.1516,1056.6959
Weather,30.3824,69.2207,74.5758,96.6066,1016.1202
Weather,8.571,50.9601,7.0888,116.578,957.3401
Weather,24.8374,87.3249,85.7627,275.4488,1004.9932
Weather,-14.4439,99.5669,0.0,119.7359,1059.4632
Weather,-10.9063,76.2685,38.5405,296.1795,994.9229
Weather,-7.7572,63.4376,59.4494,353.5207,1014.1032
Weather,-16.9898,6.1211,40.8684,358.6434,960.7555
Weather,16.2181,73.9591,34.7675,88.5198,967.0466
Weather,31.6146,67.4594,96.4719,381.477,1049.6741
Weather,20.0348,76.979,113.3708,356.8052,981.6426
Weather,17.2703,15.5139,105.127,23.8243,984.1302
Weather,22.9171,64.8224,58.9443,16.1378,991.7609
Weather,2.5631,29.7653,102.1686,320.4243,1057.5331
Weather,1.9371,79.2323,108.7637,182.7554,955.6721
Weather,0.0214,23.7517,49.1837,80.4736,1039.3035
Weather,28.7723,68.9159,32.401,36.3483,986.3081
Weather,-9.5869,30.7086,12.6324,66.5333,1042.6883
Weather,-20.0,0.0,58.2484,478.1249,1053.5076
Weather,19.0659,62.3648,114.8332,357.4642,992.8072
Weather,40.5351,11.5866,63.9169,272.2971,958.742
Weather,19.7527,62.7374,79.4455,474.8651,966.929
Weather,29.3604,95.3006,16.1271,321.3134,1030.6149
Weather,24.745,98.4374,15.6099,358.612,963.203
Weather,12.4954,24.8073,53.7843,140.1594,978.95
Weather,25.393,83.5653,112.9798,298.4321,974.0046
Weather,34.0344,36.8018,42.062,69.0281,986.7586
Weather,-2.8767,89.5859,105.5896,205.2316,955.7426
Weather,0.8138,75.4845,13.039,29.3216,1041.3929
Weather,-4.4729,6.0297,69.1945,129.65,1045.0884
Weather,9.9346,39.4092,74.9183,32.551,993.1188
Weather,38.0535,34.9694,104.4004,215.3647,1020.1648
Weather,3.6088,78.6799,0.7558,416.4947,1018.0763
Weather,3.9802,37.8976,22.5658,197.6563,1033.6104
Weather,36.1219,70.1891,25.588,410.8759,1010.6742
Weather,13.6271,62.9023,112.076,317.9532,1006.2884
Weather,13.6917,100.0,13.937,266.992,1015.5046
Weather,36.5485,91.5186,8.3413,117.9543,1028.2155
Weather,11.4131,43.4131,64.1855,473.918,987.594
Weather,26.6805,70.3451,59.5604,34.6205,986.2491
Weather,-15.0933,86.8244,98.8229,348.5677,983.1583
Weather,-10.1053,89.9497,114.5939,316.1315,1010.4866
Weather,7.741,6.0731,65.3083,231.4072,990.7467
Weather,11.197,29.0995,109.8053,129.425,1007.9779
Weather,41.1954,32.6911,84.4322,211.3027,994.041
Weather,43.5961,44.4758,30.3738,440.6157,1044.5118
Weather,37.0601,13.6304,106.7799,433.3892,958.3442
Weather,1.4725,52.4143,78.9516,471.1435,1013.5712
Weather,41.9186,67.2633,48.5755,148.9557,1015.5211
Weather,24.9743,52.514,85.293,187.3382,995.7953
Weather,5.1675,70.0007,47.0759,17.8546,993.7695
Weather,27.768,6.4453,14.3089,469.0707,1036.933
Weather,-19.4945,89.3125,90.1133,168.3174,984.0819
Weather,-10.3712,92.7554,96.329,199.2013,1050.2379
Weather,34.1496,60.8553,85.9575,465.6418,1048.0215
Weather,20.454,91.2839,26.1992,264.8014,1022.1651
Weather,3.4219,11.6664,110.7772,297.369,1035.787
Weather,12.3137,80.1378,2.4029,102.0319,1017.9397
Weather,40.6241,10.0993,42.7144,248.4486,1008.3232
Weather,21.3063,39.4898,33.2404,472.4377,1059.3372
Weather,5.3879,31.3716,8.6126,275.9814,977.1304
Weather,-12.3674,61.4535,47.1664,130.2197,965.5151
Weather,-0.9935,31.179,72.0637,7.7934,983.0286
Weather,43.5415,65.4151,111.3209,174.0864,1016.5171
Weather,9.6343,33.1251,119.2782,289.3084,971.0004
Weather,11.9419,86.1483,93.1011,26.4486,1052.36
Weather,11.121,62.6234,62.3866,291.295,998.733
Weather,38.8551,22.5145,86.6286,241.8134,1044.1063
Weather,20.2321,38.426,94.1612,380.3914,980.6929
Weather,25.0205,79.961,59.3277,19.4353,984.7606
Weather,3.3957,39.4469,88.6617,397.1582,955.8468
Weather,-17.8329,57.9895,58.6105,271.7319,974.9596
Weather,40.0531,63.8746,48.4014,181.2196,1001.7273
Weather,42.4146,35.0806,64.7662,484.7779,1054.0854
Weather,42.5355,30.751,84.8372,73.0495,992.8358
Weather,43.0545,43.2137,89.667,284.3365,1020.8766
Weather,31.6112,22.0205,47.2643,153.3972,1001.0884
Weather,27.2786,26.8329,68.3353,275.5285,956.7996
Weather,36.057,10.3034,108.1918,273.6246,1007.1584
Weather,19.964,29.9823,116.3256,60.4766,961.2721
Weather,-8.7746,30.6497,30.5665,332.3972,1046.4228
Weather,5.8424,97.8766,21.6052,318.8516,1031.7145
Weather,44.4779,59.9489,83.236,377.1928,994.3411
Weather,3.0447,80.5301,47.6983,66.9994,1021.4929
Weather,37.5019,8.3586,0.8863,158.5374,962.2255
Weather,-12.4312,9.4833,44.4657,330.1749,1027.1478
Weather,3.0986,84.8918,97.8574,70.761,1040.1222
Weather,0.8464,66.1099,90.5081,332.1918,1040.1698
Weather,-17.1838,17.5612,57.3131,36.2461,981.2644
Weather,-10.7355,39.1363,50.5393,166.7988,978.3577
Weather,-6.7967,53.9617,68.6396,423.9308,1008.5757
Weather,34.3938,83.9616,25.6714,396.0554,1058.0973
Weather,-15.2189,9.4593,61.9875,325.2249,1050.0152
Weather,-2.0192,57.9444,4.2211,435.4107,991.546
Weather,-18.3162,72.1929,58.0585,368.9913,1032.9842
Weather,25.6987,96.2582,46.2442,251.4988,1052.4532
Weather,20.4305,80.9329,82.2662,473.31,979.9202
Weather,21.6913,31.9061,77.9285,339.4681,1041.1483
Weather,4.6353,74.604,46.3531,302.204,979.5948
Weather,-6.8191,77.0848,0.2271,211.3808,987.2474
Weather,26.3998,74.2331,28.7137,443.7651,970.7534
Weather,35.0482,82.9574,75.4378,184.7292,1005.7799
Weather,-13.0534,89.765,8.231,6.4314,1041.5623
Weather,9.6082,13.6761,12.691,99.8881,1010.5927
Weather,-2.8175,13.1155,79.1706,41.8624,958.9528
